date,infections,hospitalizations,deaths,severe_prevalence
2020-03-06,0.0,0.0,0.0,0.0
2020-03-07,0.0,0.0,0.0,0.0
2020-03-08,0.0,0.0,0.0,0.0
2020-03-09,811.65693,0.0,0.0,0.0
2020-03-10,1739.26485,0.0,0.0,0.0
2020-03-11,3246.62772,0.0,0.0,0.0
2020-03-12,2782.82376,0.0,0.0,0.0
2020-03-13,3942.3336600000002,115.95099,0.0,115.95099
2020-03-14,3594.4806900000003,231.90198,0.0,347.85297
2020-03-15,3710.43168,115.95099,0.0,463.80396
2020-03-16,5101.84356,0.0,0.0,463.80396
2020-03-17,4522.08861,0.0,0.0,463.80396
2020-03-18,4869.941580000001,115.95099,0.0,579.75495
2020-03-19,6145.40247,115.95099,0.0,695.70594
2020-03-20,7652.76534,115.95099,0.0,811.65693
2020-03-21,6957.0594,231.90198,0.0,1043.55891
2020-03-22,9392.03019,0.0,0.0,1043.55891
2020-03-23,11363.19702,0.0,0.0,1043.55891
2020-03-24,9044.17722,0.0,0.0,927.60792
2020-03-25,11131.29504,115.95099,0.0,1043.55891
2020-03-26,12290.80494,0.0,0.0,1043.55891
2020-03-27,12986.51088,231.90198,0.0,1275.46089
2020-03-28,19363.81533,115.95099,0.0,1391.41188
2020-03-29,17856.45246,0.0,0.0,1275.46089
2020-03-30,23190.198,463.80396,0.0,1739.26485
2020-03-31,24581.60988,811.65693,0.0,2550.92178
2020-04-01,22610.44305,463.80396,0.0,2898.77475
2020-04-02,27132.53166,347.85297,0.0,3014.7257400000003
2020-04-03,34089.59106,463.80396,0.0,3478.5297
2020-04-04,37452.16977,463.80396,0.0,3942.3336600000002
2020-04-05,43365.67026,1159.5099,0.0,5101.84356
2020-04-06,46496.34699,1159.5099,0.0,6261.35346
2020-04-07,46380.396,695.70594,0.0,6725.1574200000005
2020-04-08,60874.26975,1043.55891,115.95099,7536.814350000001
2020-04-09,57627.64203,1971.1668300000001,0.0,9276.0792
2020-04-10,71309.85885,1971.1668300000001,0.0,11247.24603
2020-04-11,78498.82023,1043.55891,115.95099,11942.95197
2020-04-12,78846.6732,1855.21584,0.0,13566.26583
2020-04-13,85455.87963000001,1855.21584,231.90198,14725.775730000001
2020-04-14,102964.47912,2203.06881,0.0,16696.94256
2020-04-15,109341.78357,2087.11782,231.90198,18320.25642
2020-04-16,116994.54891,2203.06881,0.0,20291.42325
2020-04-17,126618.48108,2434.9707900000003,115.95099,22610.44305
2020-04-18,133227.68751000002,3710.43168,347.85297,25625.16879
2020-04-19,146562.05136,3710.43168,115.95099,28755.845520000003
2020-04-20,169056.54342,3594.4806900000003,115.95099,31422.71829
2020-04-21,168592.73946,5217.7945500000005,231.90198,35828.85591
2020-04-22,184825.87806000002,5449.69653,115.95099,39771.18957
2020-04-23,193174.34934000002,4522.08861,231.90198,43481.621250000004
2020-04-24,214509.3315,5681.59851,463.80396,47539.905900000005
2020-04-25,224133.26367000001,6377.3044500000005,463.80396,52757.700450000004
2020-04-26,238859.0394,5797.5495,579.75495,57047.88708
2020-04-27,244308.73593,8696.32425,695.70594,64236.84846
2020-04-28,258802.60968000002,9160.12821,231.90198,72121.51578
2020-04-29,258454.75671000002,8348.47128,347.85297,78614.77122000001
2020-04-30,288949.86708,9739.883160000001,811.65693,85455.87963000001
2020-05-01,293356.0047,10783.442070000001,347.85297,94268.15487
2020-05-02,276427.16016,10551.54009,347.85297,102964.47912
2020-05-03,295443.12252000003,13682.21682,1391.41188,113284.11723
2020-05-04,288486.06312,13102.461870000001,579.75495,123951.60831000001
2020-05-05,292428.39678,13450.314840000001,811.65693,133575.54048
2020-05-06,291616.73985,12290.80494,1275.46089,141228.30582
2020-05-07,283848.02352,17160.74652,1043.55891,153287.20878000002
2020-05-08,294399.56361,13334.36385,1275.46089,161867.58204
2020-05-09,273064.58145,15885.28563,1275.46089,172303.17114000002
2020-05-10,272832.67947000003,15885.28563,1159.5099,182274.95628
2020-05-11,259034.51166000002,14725.775730000001,927.60792,191087.23152
2020-05-12,254396.47206,15189.57969,1159.5099,200015.45775
2020-05-13,242221.61811,13218.41286,695.70594,207320.37012
2020-05-14,226452.28347,14609.82474,1623.31386,213001.96863000002
2020-05-15,213581.72358000002,17508.59949,2087.11782,220654.73397
2020-05-16,202218.52656,17856.45246,2434.9707900000003,229814.86218
2020-05-17,201406.86963,14030.069790000001,1623.31386,234220.99980000002
2020-05-18,183086.61321,15421.481670000001,1971.1668300000001,239786.64732000002
2020-05-19,176361.45579,17276.69751,1507.3628700000002,247671.31464
2020-05-20,172303.17114000002,17856.45246,1275.46089,256135.73691
2020-05-21,171143.66124000002,15769.334640000001,3478.5297,257875.00176
2020-05-22,145054.68849,16812.89355,2434.9707900000003,263208.7473
2020-05-23,139025.23701,14957.67771,1855.21584,264948.01215
2020-05-24,135314.80533,14841.72672,2087.11782,266687.277
2020-05-25,129053.45187,12754.608900000001,1855.21584,265991.57106
2020-05-26,121748.5395,12522.70692,2782.82376,264020.40423
2020-05-27,107718.46971,12522.70692,2087.11782,261005.67849000002
2020-05-28,106674.9108,12870.55989,2550.92178,258338.80572
2020-05-29,95311.71378,10319.63811,2550.92178,252425.30523
2020-05-30,82209.25191,10667.49108,2550.92178,247207.51068
2020-05-31,85919.68359,8928.22623,2203.06881,240134.50029
2020-06-01,74672.43756,10203.68712,2319.0198,235960.26465
2020-06-02,75368.1435,8000.618310000001,2203.06881,228887.25426000002
2020-06-03,69338.69202,8116.5693,2319.0198,223205.65575
2020-06-04,64120.89747,6377.3044500000005,2087.11782,212074.36071
2020-06-05,64816.60341,6377.3044500000005,2550.92178,204653.49735000002
2020-06-06,56236.23015,7420.86336,2319.0198,196652.87904
2020-06-07,53105.553420000004,7652.76534,1855.21584,190971.28053000002
2020-06-08,50554.63164,6145.40247,1391.41188,181347.34836
2020-06-09,41858.30739,6029.451480000001,1275.46089,173810.53401
2020-06-10,44525.18016,4985.89257,1971.1668300000001,163258.99392
2020-06-11,37104.3168,3826.38267,1971.1668300000001,155722.17957
2020-06-12,32466.2772,3942.3336600000002,1739.26485,146098.2474
2020-06-13,31422.71829,3594.4806900000003,1623.31386,137981.67810000002
2020-06-14,28060.139580000003,3362.5787100000002,1043.55891,130908.66771000001
2020-06-15,27944.18859,3710.43168,1275.46089,124415.41227
2020-06-16,25277.31582,3594.4806900000003,1275.46089,118965.71574
2020-06-17,27712.286610000003,3014.7257400000003,1043.55891,110037.48951
2020-06-18,24581.60988,1971.1668300000001,1971.1668300000001,103196.3811
2020-06-19,20059.52127,2319.0198,811.65693,98210.48853
2020-06-20,23769.952950000003,2666.87277,811.65693,91717.23309000001
2020-06-21,18088.35444,1275.46089,1043.55891,86151.58557000001
2020-06-22,20407.37424,2203.06881,927.60792,80817.84003
2020-06-23,15885.28563,1275.46089,1391.41188,74556.48657000001
2020-06-24,14493.87375,1507.3628700000002,927.60792,70266.29994
2020-06-25,15073.628700000001,1623.31386,1159.5099,65396.358360000006
2020-06-26,13566.26583,1275.46089,579.75495,60062.61282
2020-06-27,12638.65791,1855.21584,927.60792,56236.23015
2020-06-28,12522.70692,1043.55891,579.75495,52641.74946
2020-06-29,13334.36385,1275.46089,579.75495,48815.36679
2020-06-30,11711.049990000001,1275.46089,231.90198,47076.10194
2020-07-01,10319.63811,1391.41188,463.80396,43713.52323
2020-07-02,8464.422270000001,1275.46089,579.75495,40003.091550000005
2020-07-03,8116.5693,695.70594,231.90198,37452.16977
2020-07-04,7536.814350000001,811.65693,579.75495,34437.44403
2020-07-05,7420.86336,463.80396,579.75495,31074.86532
2020-07-06,6261.35346,1043.55891,463.80396,29567.50245
2020-07-07,6609.20643,463.80396,463.80396,27016.58067
2020-07-08,6841.10841,579.75495,115.95099,25741.11978
2020-07-09,4406.13762,695.70594,463.80396,23654.00196
2020-07-10,5681.59851,231.90198,347.85297,21798.78612
2020-07-11,5449.69653,347.85297,231.90198,20291.42325
2020-07-12,4753.99059,231.90198,0.0,18668.10939
2020-07-13,4290.18663,463.80396,347.85297,16465.04058
2020-07-14,3826.38267,579.75495,347.85297,14957.67771
2020-07-15,3362.5787100000002,347.85297,115.95099,13334.36385
2020-07-16,3246.62772,463.80396,115.95099,12638.65791
2020-07-17,3710.43168,115.95099,115.95099,11479.14801
2020-07-18,3246.62772,347.85297,0.0,11247.24603
2020-07-19,2666.87277,115.95099,347.85297,10203.68712
2020-07-20,3014.7257400000003,231.90198,0.0,9507.98118
2020-07-21,3246.62772,231.90198,231.90198,8928.22623
2020-07-22,3130.67673,231.90198,0.0,8580.37326
2020-07-23,3594.4806900000003,231.90198,231.90198,8348.47128
2020-07-24,2666.87277,115.95099,115.95099,7884.6673200000005
2020-07-25,1855.21584,231.90198,0.0,7420.86336
2020-07-26,1971.1668300000001,231.90198,231.90198,6841.10841
2020-07-27,1507.3628700000002,0.0,115.95099,6377.3044500000005
2020-07-28,1971.1668300000001,115.95099,0.0,5681.59851
2020-07-29,1391.41188,0.0,0.0,5101.84356
2020-07-30,1623.31386,115.95099,0.0,4638.0396
2020-07-31,1275.46089,0.0,0.0,4174.23564
2020-08-01,1507.3628700000002,115.95099,0.0,3942.3336600000002
2020-08-02,1275.46089,0.0,0.0,3826.38267
2020-08-03,463.80396,0.0,0.0,3362.5787100000002
2020-08-04,1507.3628700000002,115.95099,0.0,3130.67673
2020-08-05,1043.55891,115.95099,0.0,2434.9707900000003
2020-08-06,1275.46089,231.90198,0.0,2434.9707900000003
2020-08-07,347.85297,0.0,115.95099,1971.1668300000001
2020-08-08,579.75495,0.0,0.0,1739.26485
2020-08-09,1043.55891,0.0,0.0,1391.41188
2020-08-10,231.90198,347.85297,0.0,1739.26485
2020-08-11,463.80396,115.95099,0.0,1855.21584
2020-08-12,579.75495,231.90198,0.0,1971.1668300000001
2020-08-13,579.75495,0.0,0.0,1739.26485
2020-08-14,463.80396,0.0,115.95099,1507.3628700000002
2020-08-15,115.95099,115.95099,0.0,1623.31386
2020-08-16,231.90198,0.0,0.0,1623.31386
2020-08-17,0.0,231.90198,0.0,1739.26485
2020-08-18,347.85297,0.0,0.0,1623.31386
2020-08-19,579.75495,115.95099,0.0,1739.26485
2020-08-20,463.80396,0.0,0.0,1739.26485
2020-08-21,463.80396,115.95099,0.0,1623.31386
2020-08-22,579.75495,0.0,0.0,1391.41188
2020-08-23,463.80396,115.95099,0.0,1391.41188
2020-08-24,347.85297,0.0,0.0,1391.41188
2020-08-25,231.90198,0.0,0.0,1391.41188
2020-08-26,0.0,115.95099,0.0,1391.41188
2020-08-27,115.95099,115.95099,0.0,1275.46089
2020-08-28,0.0,0.0,0.0,1275.46089
2020-08-29,0.0,0.0,0.0,1159.5099
2020-08-30,231.90198,0.0,115.95099,1043.55891
2020-08-31,231.90198,0.0,0.0,927.60792
2020-09-01,115.95099,0.0,0.0,927.60792
2020-09-02,347.85297,0.0,0.0,927.60792
2020-09-03,0.0,0.0,0.0,811.65693
2020-09-04,115.95099,0.0,0.0,695.70594
2020-09-05,0.0,0.0,115.95099,579.75495
2020-09-06,231.90198,0.0,0.0,579.75495
2020-09-07,0.0,0.0,0.0,579.75495
2020-09-08,0.0,0.0,0.0,463.80396
2020-09-09,0.0,0.0,0.0,347.85297
2020-09-10,115.95099,0.0,0.0,347.85297
2020-09-11,0.0,0.0,0.0,347.85297
2020-09-12,115.95099,0.0,0.0,347.85297
2020-09-13,115.95099,0.0,0.0,347.85297
2020-09-14,0.0,0.0,0.0,347.85297
2020-09-15,0.0,0.0,0.0,115.95099
2020-09-16,115.95099,0.0,0.0,115.95099
2020-09-17,0.0,0.0,0.0,115.95099
2020-09-18,0.0,0.0,0.0,115.95099
2020-09-19,0.0,0.0,0.0,115.95099
2020-09-20,115.95099,0.0,0.0,115.95099
2020-09-21,0.0,0.0,0.0,115.95099
2020-09-22,0.0,0.0,0.0,0.0
2020-09-23,0.0,0.0,0.0,0.0
2020-09-24,0.0,0.0,0.0,0.0
2020-09-25,0.0,0.0,0.0,0.0
2020-09-26,0.0,0.0,0.0,0.0
2020-09-27,0.0,0.0,0.0,0.0
2020-09-28,0.0,0.0,0.0,0.0
2020-09-29,0.0,0.0,0.0,0.0
2020-09-30,0.0,0.0,0.0,0.0
2020-10-01,0.0,0.0,0.0,0.0
2020-10-02,0.0,0.0,0.0,0.0
2020-10-03,0.0,0.0,0.0,0.0
2020-10-04,0.0,0.0,0.0,0.0
2020-10-05,0.0,0.0,0.0,0.0
2020-10-06,0.0,0.0,0.0,0.0
2020-10-07,0.0,0.0,0.0,0.0
2020-10-08,0.0,0.0,0.0,0.0
2020-10-09,0.0,0.0,0.0,0.0
2020-10-10,0.0,0.0,0.0,0.0
2020-10-11,0.0,0.0,0.0,0.0
2020-10-12,0.0,0.0,0.0,0.0
2020-10-13,0.0,0.0,0.0,0.0
2020-10-14,0.0,0.0,0.0,0.0
2020-10-15,0.0,0.0,0.0,0.0
2020-10-16,0.0,0.0,0.0,0.0
2020-10-17,0.0,0.0,0.0,0.0
2020-10-18,0.0,0.0,0.0,0.0
2020-10-19,0.0,0.0,0.0,0.0
2020-10-20,0.0,0.0,0.0,0.0
2020-10-21,0.0,0.0,0.0,0.0
2020-10-22,0.0,0.0,0.0,0.0
2020-10-23,0.0,0.0,0.0,0.0
2020-10-24,0.0,0.0,0.0,0.0
2020-10-25,0.0,0.0,0.0,0.0
2020-10-26,0.0,0.0,0.0,0.0
2020-10-27,0.0,0.0,0.0,0.0
2020-10-28,0.0,0.0,0.0,0.0
2020-10-29,0.0,0.0,0.0,0.0
2020-10-30,0.0,0.0,0.0,0.0
2020-10-31,0.0,0.0,0.0,0.0
2020-11-01,0.0,0.0,0.0,0.0
2020-11-02,0.0,0.0,0.0,0.0
2020-11-03,0.0,0.0,0.0,0.0
2020-11-04,0.0,0.0,0.0,0.0
2020-11-05,0.0,0.0,0.0,0.0
2020-11-06,0.0,0.0,0.0,0.0
2020-11-07,0.0,0.0,0.0,0.0
2020-11-08,0.0,0.0,0.0,0.0
2020-11-09,0.0,0.0,0.0,0.0
2020-11-10,0.0,0.0,0.0,0.0
2020-11-11,0.0,0.0,0.0,0.0
2020-11-12,0.0,0.0,0.0,0.0
2020-11-13,0.0,0.0,0.0,0.0
2020-11-14,0.0,0.0,0.0,0.0
2020-11-15,0.0,0.0,0.0,0.0
2020-11-16,0.0,0.0,0.0,0.0
2020-11-17,0.0,0.0,0.0,0.0
2020-11-18,0.0,0.0,0.0,0.0
2020-11-19,0.0,0.0,0.0,0.0
2020-11-20,0.0,0.0,0.0,0.0
2020-11-21,0.0,0.0,0.0,0.0
2020-11-22,0.0,0.0,0.0,0.0
2020-11-23,0.0,0.0,0.0,0.0
2020-11-24,0.0,0.0,0.0,0.0
2020-11-25,0.0,0.0,0.0,0.0
2020-11-26,0.0,0.0,0.0,0.0
2020-11-27,0.0,0.0,0.0,0.0
2020-11-28,0.0,0.0,0.0,0.0
2020-11-29,0.0,0.0,0.0,0.0
2020-11-30,0.0,0.0,0.0,0.0
2020-12-01,0.0,0.0,0.0,0.0
2020-12-02,0.0,0.0,0.0,0.0
2020-12-03,0.0,0.0,0.0,0.0
2020-12-04,0.0,0.0,0.0,0.0
2020-12-05,0.0,0.0,0.0,0.0
2020-12-06,0.0,0.0,0.0,0.0
2020-12-07,0.0,0.0,0.0,0.0
2020-12-08,0.0,0.0,0.0,0.0
2020-12-09,0.0,0.0,0.0,0.0
2020-12-10,0.0,0.0,0.0,0.0
2020-12-11,0.0,0.0,0.0,0.0
2020-12-12,0.0,0.0,0.0,0.0
2020-12-13,0.0,0.0,0.0,0.0
2020-12-14,0.0,0.0,0.0,0.0
2020-12-15,1159.5099,0.0,0.0,0.0
2020-12-16,0.0,0.0,0.0,0.0
2020-12-17,347.85297,0.0,0.0,0.0
2020-12-18,347.85297,0.0,0.0,0.0
2020-12-19,347.85297,0.0,0.0,0.0
2020-12-20,463.80396,0.0,0.0,0.0
2020-12-21,347.85297,0.0,0.0,0.0
2020-12-22,1159.5099,0.0,0.0,0.0
2020-12-23,579.75495,115.95099,0.0,115.95099
2020-12-24,695.70594,0.0,0.0,115.95099
2020-12-25,347.85297,0.0,0.0,115.95099
2020-12-26,1159.5099,0.0,0.0,115.95099
2020-12-27,1043.55891,115.95099,0.0,231.90198
2020-12-28,811.65693,0.0,0.0,231.90198
2020-12-29,695.70594,115.95099,0.0,347.85297
2020-12-30,1507.3628700000002,0.0,0.0,347.85297
2020-12-31,811.65693,0.0,0.0,347.85297
2021-01-01,927.60792,0.0,0.0,347.85297
2021-01-02,1391.41188,0.0,0.0,347.85297
2021-01-03,1043.55891,0.0,0.0,231.90198
2021-01-04,1159.5099,0.0,0.0,231.90198
2021-01-05,1739.26485,0.0,0.0,231.90198
2021-01-06,1159.5099,0.0,0.0,231.90198
2021-01-07,1391.41188,115.95099,0.0,347.85297
2021-01-08,1159.5099,0.0,0.0,347.85297
2021-01-09,2319.0198,115.95099,0.0,463.80396
2021-01-10,2087.11782,0.0,0.0,463.80396
2021-01-11,2434.9707900000003,115.95099,0.0,579.75495
2021-01-12,1855.21584,0.0,0.0,579.75495
2021-01-13,4406.13762,0.0,0.0,579.75495
2021-01-14,2666.87277,347.85297,0.0,695.70594
2021-01-15,3710.43168,115.95099,0.0,811.65693
2021-01-16,3362.5787100000002,0.0,0.0,811.65693
2021-01-17,3478.5297,0.0,0.0,811.65693
2021-01-18,3710.43168,231.90198,0.0,927.60792
2021-01-19,4753.99059,115.95099,0.0,1043.55891
2021-01-20,6145.40247,115.95099,0.0,1159.5099
2021-01-21,5565.64752,115.95099,0.0,1275.46089
2021-01-22,4985.89257,0.0,115.95099,1159.5099
2021-01-23,8116.5693,0.0,0.0,1159.5099
2021-01-24,7768.71633,231.90198,0.0,1391.41188
2021-01-25,7652.76534,579.75495,115.95099,1855.21584
2021-01-26,8580.37326,115.95099,0.0,1971.1668300000001
2021-01-27,11942.95197,0.0,115.95099,1855.21584
2021-01-28,10319.63811,347.85297,0.0,2203.06881
2021-01-29,10551.54009,115.95099,0.0,2319.0198
2021-01-30,12174.85395,347.85297,0.0,2666.87277
2021-01-31,16233.1386,463.80396,0.0,3130.67673
2021-02-01,12058.902960000001,231.90198,0.0,3362.5787100000002
2021-02-02,16465.04058,579.75495,0.0,3942.3336600000002
2021-02-03,18320.25642,231.90198,0.0,4174.23564
2021-02-04,17160.74652,579.75495,0.0,4638.0396
2021-02-05,19479.766320000002,231.90198,115.95099,4753.99059
2021-02-06,20291.42325,463.80396,0.0,5101.84356
2021-02-07,20987.12919,927.60792,0.0,5797.5495
2021-02-08,22726.39404,579.75495,115.95099,6145.40247
2021-02-09,24813.511860000002,347.85297,115.95099,6377.3044500000005
2021-02-10,24001.85493,811.65693,0.0,7073.01039
2021-02-11,27712.286610000003,463.80396,0.0,6841.10841
2021-02-12,29103.698490000002,463.80396,0.0,6957.0594
2021-02-13,32814.130170000004,579.75495,0.0,7304.91237
2021-02-14,32814.130170000004,1159.5099,0.0,8116.5693
2021-02-15,33277.93413,579.75495,115.95099,8464.422270000001
2021-02-16,41046.650460000004,811.65693,0.0,8928.22623
2021-02-17,40234.99353,1043.55891,0.0,9507.98118
2021-02-18,46728.24897,1275.46089,0.0,10667.49108
2021-02-19,46496.34699,347.85297,0.0,10783.442070000001
2021-02-20,48931.317780000005,695.70594,0.0,11131.29504
2021-02-21,56468.132130000005,1275.46089,115.95099,12290.80494
2021-02-22,63193.28955,463.80396,0.0,12290.80494
2021-02-23,64932.5544,1507.3628700000002,0.0,13102.461870000001
2021-02-24,68758.93707,1739.26485,115.95099,14030.069790000001
2021-02-25,71309.85885,1043.55891,347.85297,13798.16781
2021-02-26,81513.54597,2782.82376,115.95099,16001.236620000001
2021-02-27,84760.17369,2319.0198,115.95099,18088.35444
2021-02-28,82904.95785,1043.55891,115.95099,18552.1584
2021-03-01,92760.792,1623.31386,115.95099,19595.71731
2021-03-02,91833.18408,2550.92178,115.95099,21566.884140000002
2021-03-03,100413.55734,2434.9707900000003,115.95099,23190.198
2021-03-04,113284.11723,2203.06881,115.95099,24465.658890000002
2021-03-05,117922.15683,2203.06881,463.80396,25393.26681
2021-03-06,122908.0494,3942.3336600000002,115.95099,28639.89453
2021-03-07,120009.27465,2666.87277,0.0,30727.01235
2021-03-08,139836.89394,2782.82376,0.0,32930.08116
2021-03-09,143199.47265,2782.82376,115.95099,34785.297
2021-03-10,145518.49245000002,3710.43168,231.90198,36988.36581
2021-03-11,145286.59047,3478.5297,347.85297,39075.48363
2021-03-12,157809.29739,2782.82376,231.90198,40582.8465
2021-03-13,154562.66967,5101.84356,347.85297,44409.22917
2021-03-14,170447.9553,4753.99059,115.95099,48003.70986
2021-03-15,178216.67163,5797.5495,347.85297,52641.74946
2021-03-16,166157.76867000002,4638.0396,347.85297,55308.62223
2021-03-17,172651.02411,5797.5495,463.80396,58903.102920000005
2021-03-18,185405.63301000002,6957.0594,231.90198,63541.14252
2021-03-19,173926.48500000002,7188.961380000001,115.95099,68527.03509
2021-03-20,184941.82905,5913.50049,463.80396,72353.41776
2021-03-21,188072.50578,5681.59851,347.85297,73628.87865
2021-03-22,190159.62360000002,6609.20643,463.80396,77571.21231
2021-03-23,187028.94687,5681.59851,347.85297,80354.03607
2021-03-24,194449.81023,6841.10841,811.65693,83832.56577
2021-03-25,194449.81023,5449.69653,1391.41188,86151.58557000001
2021-03-26,200595.2127,9507.98118,347.85297,93224.59596
2021-03-27,183550.41717,7073.01039,347.85297,96703.12566
2021-03-28,183666.36816,8812.27524,1275.46089,101341.16526000001
2021-03-29,190971.28053000002,8348.47128,811.65693,105515.40090000001
2021-03-30,177405.0147,9160.12821,695.70594,110385.34248
2021-03-31,173810.53401,8696.32425,579.75495,114907.43109
2021-04-01,177173.11272,9044.17722,811.65693,119893.32366000001
2021-04-02,171259.61223,9392.03019,1623.31386,122444.24544
2021-04-03,170216.05332,9623.93217,1507.3628700000002,125690.87316
2021-04-04,158273.10135,10203.68712,579.75495,131372.47167
2021-04-05,151316.04195,9044.17722,463.80396,136010.51127000002
2021-04-06,155258.37561000002,8696.32425,1275.46089,138097.62909
2021-04-07,145634.44344,9507.98118,347.85297,141228.30582
2021-04-08,133575.54048,11827.00098,811.65693,146909.90433000002
2021-04-09,141576.15879000002,8000.618310000001,1507.3628700000002,148765.12017
2021-04-10,127893.94197,9160.12821,1043.55891,150736.287
2021-04-11,125343.02019000001,8116.5693,927.60792,151316.04195
2021-04-12,121864.49049000001,8000.618310000001,1275.46089,151779.84591
2021-04-13,124299.46128,8928.22623,1159.5099,154446.71868000002
2021-04-14,108993.9306,9392.03019,1043.55891,155606.22858
2021-04-15,107022.76377,7304.91237,927.60792,156070.03254000001
2021-04-16,96703.12566,6493.25544,927.60792,154794.57165
2021-04-17,101573.06724,8232.52029,1159.5099,154214.8167
2021-04-18,89282.2623,7304.91237,1391.41188,150968.18898
2021-04-19,87311.09547,7536.814350000001,1159.5099,150156.53205
2021-04-20,82441.15389,6377.3044500000005,1855.21584,146214.19839
2021-04-21,80469.98706,8580.37326,1159.5099,144243.03156
2021-04-22,76063.84944,6725.1574200000005,1855.21584,140880.45285
2021-04-23,74208.6336,5565.64752,1507.3628700000002,138445.48206
2021-04-24,69570.594,5449.69653,811.65693,135894.56028
2021-04-25,65744.21133,5797.5495,927.60792,134735.05038
2021-04-26,62033.779650000004,5449.69653,1043.55891,131952.22662
2021-04-27,58903.102920000005,5217.7945500000005,1507.3628700000002,129053.45187
2021-04-28,51598.19055,4406.13762,927.60792,125343.02019000001
2021-04-29,51134.38659,4869.941580000001,1159.5099,121052.83356
2021-04-30,48119.66085,4290.18663,1043.55891,118038.10782
2021-05-01,45684.69006,3362.5787100000002,927.60792,112820.31327
2021-05-02,42554.01333,4058.28465,1275.46089,109457.73456
2021-05-03,47192.052930000005,4406.13762,927.60792,107370.61674
2021-05-04,40698.797490000004,4290.18663,927.60792,102848.52813
2021-05-05,36640.51284,3014.7257400000003,811.65693,98790.24348
2021-05-06,37915.97373,3246.62772,811.65693,93456.49794
2021-05-07,32118.42423,2898.77475,579.75495,89746.06626
2021-05-08,32350.326210000003,3014.7257400000003,1159.5099,85571.83062000001
2021-05-09,33857.689080000004,2782.82376,1275.46089,80701.88904000001
2021-05-10,30958.91433,2898.77475,927.60792,76063.84944
2021-05-11,30031.30641,3130.67673,1391.41188,72817.22172
2021-05-12,23190.198,3130.67673,347.85297,70962.00588
2021-05-13,26668.7277,2434.9707900000003,695.70594,68063.23113
2021-05-14,24233.75691,2550.92178,1043.55891,65280.40737
2021-05-15,20407.37424,1971.1668300000001,695.70594,62033.779650000004
2021-05-16,23538.05097,1971.1668300000001,347.85297,60526.41678
2021-05-17,21566.884140000002,1855.21584,1159.5099,57163.838070000005
2021-05-18,20059.52127,1855.21584,463.80396,55308.62223
2021-05-19,16812.89355,2203.06881,927.60792,52293.89649
2021-05-20,19595.71731,1507.3628700000002,695.70594,49858.9257
2021-05-21,15653.38365,1507.3628700000002,115.95099,48235.611840000005
2021-05-22,16928.844540000002,1275.46089,579.75495,45916.59204
2021-05-23,16812.89355,927.60792,463.80396,43133.768280000004
2021-05-24,15421.481670000001,1739.26485,463.80396,41046.650460000004
2021-05-25,13682.21682,1043.55891,231.90198,38379.77769
2021-05-26,16580.991570000002,811.65693,695.70594,35481.00294
2021-05-27,13798.16781,1043.55891,463.80396,34785.297
2021-05-28,12638.65791,1275.46089,579.75495,33046.03215
2021-05-29,11131.29504,811.65693,231.90198,31886.52225
2021-05-30,11015.34405,1391.41188,695.70594,29799.404430000002
2021-05-31,10667.49108,695.70594,463.80396,28176.09057
2021-06-01,11247.24603,1043.55891,579.75495,25741.11978
2021-06-02,9507.98118,579.75495,347.85297,24117.805920000003
2021-06-03,8464.422270000001,927.60792,0.0,23769.952950000003
2021-06-04,11363.19702,1043.55891,231.90198,22726.39404
2021-06-05,6609.20643,695.70594,231.90198,21219.031170000002
2021-06-06,7536.814350000001,927.60792,231.90198,20871.178200000002
2021-06-07,6609.20643,231.90198,463.80396,19247.86434
2021-06-08,7536.814350000001,579.75495,115.95099,18436.20741
2021-06-09,6029.451480000001,463.80396,115.95099,17624.55048
2021-06-10,5913.50049,231.90198,115.95099,16696.94256
2021-06-11,6493.25544,811.65693,115.95099,15769.334640000001
2021-06-12,5449.69653,695.70594,115.95099,15305.53068
2021-06-13,4753.99059,231.90198,115.95099,14146.02078
2021-06-14,4985.89257,347.85297,231.90198,13450.314840000001
2021-06-15,5565.64752,231.90198,0.0,12986.51088
2021-06-16,3826.38267,463.80396,115.95099,11711.049990000001
2021-06-17,4869.941580000001,347.85297,0.0,11479.14801
2021-06-18,4058.28465,115.95099,115.95099,10435.589100000001
2021-06-19,3594.4806900000003,231.90198,0.0,9507.98118
2021-06-20,3246.62772,231.90198,347.85297,8812.27524
2021-06-21,3826.38267,463.80396,0.0,8696.32425
2021-06-22,2782.82376,231.90198,231.90198,7768.71633
2021-06-23,3710.43168,115.95099,0.0,7536.814350000001
2021-06-24,3014.7257400000003,463.80396,0.0,7188.961380000001
2021-06-25,2087.11782,231.90198,0.0,6841.10841
2021-06-26,3362.5787100000002,231.90198,231.90198,6261.35346
2021-06-27,3826.38267,231.90198,0.0,6029.451480000001
2021-06-28,3130.67673,463.80396,0.0,6377.3044500000005
2021-06-29,1855.21584,347.85297,0.0,6261.35346
2021-06-30,2666.87277,115.95099,0.0,5797.5495
2021-07-01,2319.0198,463.80396,0.0,6145.40247
2021-07-02,4058.28465,231.90198,115.95099,5565.64752
2021-07-03,3130.67673,0.0,0.0,5449.69653
2021-07-04,2666.87277,115.95099,115.95099,5333.74554
2021-07-05,1855.21584,0.0,0.0,4985.89257
2021-07-06,2319.0198,463.80396,0.0,5217.7945500000005
2021-07-07,3014.7257400000003,115.95099,115.95099,4985.89257
2021-07-08,2550.92178,231.90198,0.0,5101.84356
2021-07-09,3246.62772,115.95099,115.95099,4753.99059
2021-07-10,3246.62772,115.95099,0.0,4869.941580000001
2021-07-11,2087.11782,115.95099,0.0,4753.99059
2021-07-12,3710.43168,347.85297,0.0,4753.99059
2021-07-13,2550.92178,347.85297,0.0,4638.0396
2021-07-14,3130.67673,0.0,115.95099,4406.13762
2021-07-15,2203.06881,0.0,0.0,4058.28465
2021-07-16,2087.11782,0.0,0.0,3710.43168
2021-07-17,2434.9707900000003,0.0,115.95099,3362.5787100000002
2021-07-18,1739.26485,347.85297,0.0,3246.62772
2021-07-19,2550.92178,0.0,0.0,2898.77475
2021-07-20,1855.21584,0.0,0.0,2898.77475
2021-07-21,2203.06881,115.95099,0.0,2782.82376
2021-07-22,2203.06881,231.90198,0.0,2898.77475
2021-07-23,2203.06881,0.0,0.0,2782.82376
2021-07-24,1971.1668300000001,0.0,0.0,2434.9707900000003
2021-07-25,2666.87277,115.95099,0.0,2319.0198
2021-07-26,2087.11782,0.0,0.0,2087.11782
2021-07-27,2434.9707900000003,347.85297,0.0,2319.0198
2021-07-28,2203.06881,115.95099,0.0,2203.06881
2021-07-29,2434.9707900000003,115.95099,0.0,2319.0198
2021-07-30,1275.46089,0.0,0.0,2087.11782
2021-07-31,2319.0198,115.95099,0.0,2087.11782
2021-08-01,1855.21584,231.90198,0.0,2203.06881
2021-08-02,2203.06881,347.85297,0.0,2434.9707900000003
2021-08-03,1507.3628700000002,0.0,0.0,2319.0198
2021-08-04,1855.21584,0.0,0.0,2203.06881
2021-08-05,1159.5099,231.90198,0.0,2319.0198
2021-08-06,1739.26485,0.0,0.0,2319.0198
2021-08-07,3014.7257400000003,0.0,0.0,2087.11782
2021-08-08,1159.5099,0.0,115.95099,1971.1668300000001
2021-08-09,1971.1668300000001,115.95099,0.0,1623.31386
2021-08-10,927.60792,463.80396,0.0,1855.21584
2021-08-11,927.60792,0.0,0.0,1855.21584
2021-08-12,1391.41188,231.90198,0.0,1971.1668300000001
2021-08-13,1391.41188,115.95099,0.0,2087.11782
2021-08-14,2087.11782,0.0,0.0,2087.11782
2021-08-15,1391.41188,115.95099,0.0,2087.11782
2021-08-16,1159.5099,0.0,0.0,2087.11782
2021-08-17,1623.31386,0.0,0.0,2087.11782
2021-08-18,1275.46089,115.95099,0.0,2203.06881
2021-08-19,1043.55891,231.90198,0.0,2434.9707900000003
2021-08-20,811.65693,115.95099,231.90198,2319.0198
2021-08-21,1971.1668300000001,115.95099,0.0,2319.0198
2021-08-22,1739.26485,0.0,0.0,1971.1668300000001
2021-08-23,1507.3628700000002,0.0,0.0,1855.21584
2021-08-24,1623.31386,231.90198,0.0,1971.1668300000001
2021-08-25,1623.31386,0.0,0.0,1971.1668300000001
2021-08-26,1043.55891,115.95099,0.0,1971.1668300000001
2021-08-27,1275.46089,231.90198,0.0,1971.1668300000001
2021-08-28,1159.5099,0.0,0.0,1971.1668300000001
2021-08-29,579.75495,115.95099,0.0,1971.1668300000001
2021-08-30,1275.46089,0.0,0.0,1855.21584
2021-08-31,927.60792,115.95099,0.0,1855.21584
2021-09-01,1623.31386,115.95099,0.0,1971.1668300000001
2021-09-02,1391.41188,0.0,0.0,1971.1668300000001
2021-09-03,695.70594,0.0,0.0,1971.1668300000001
2021-09-04,695.70594,115.95099,0.0,1739.26485
2021-09-05,927.60792,0.0,231.90198,1507.3628700000002
2021-09-06,695.70594,115.95099,115.95099,1507.3628700000002
2021-09-07,695.70594,231.90198,0.0,1623.31386
2021-09-08,695.70594,115.95099,0.0,1623.31386
2021-09-09,579.75495,115.95099,0.0,1623.31386
2021-09-10,347.85297,231.90198,0.0,1855.21584
2021-09-11,695.70594,0.0,115.95099,1623.31386
2021-09-12,463.80396,0.0,0.0,1507.3628700000002
2021-09-13,231.90198,115.95099,0.0,1623.31386
2021-09-14,1159.5099,0.0,0.0,1507.3628700000002
2021-09-15,347.85297,0.0,0.0,1507.3628700000002
2021-09-16,463.80396,0.0,0.0,1391.41188
2021-09-17,1043.55891,0.0,115.95099,1043.55891
2021-09-18,579.75495,0.0,0.0,927.60792
2021-09-19,347.85297,0.0,0.0,927.60792
2021-09-20,579.75495,115.95099,0.0,811.65693
2021-09-21,811.65693,0.0,0.0,811.65693
2021-09-22,347.85297,0.0,115.95099,695.70594
2021-09-23,811.65693,0.0,0.0,579.75495
2021-09-24,347.85297,115.95099,0.0,695.70594
2021-09-25,1159.5099,0.0,0.0,695.70594
2021-09-26,695.70594,0.0,0.0,695.70594
2021-09-27,811.65693,0.0,0.0,695.70594
2021-09-28,347.85297,0.0,0.0,695.70594
2021-09-29,1043.55891,0.0,0.0,695.70594
2021-09-30,811.65693,115.95099,0.0,811.65693
2021-10-01,1159.5099,0.0,0.0,811.65693
2021-10-02,1507.3628700000002,115.95099,0.0,811.65693
2021-10-03,927.60792,115.95099,0.0,927.60792
2021-10-04,811.65693,0.0,0.0,695.70594
2021-10-05,1043.55891,0.0,0.0,463.80396
2021-10-06,1507.3628700000002,0.0,0.0,463.80396
2021-10-07,579.75495,115.95099,0.0,579.75495
2021-10-08,579.75495,0.0,0.0,463.80396
2021-10-09,695.70594,0.0,0.0,463.80396
2021-10-10,695.70594,0.0,0.0,463.80396
2021-10-11,1043.55891,0.0,0.0,463.80396
2021-10-12,927.60792,115.95099,0.0,579.75495
2021-10-13,1043.55891,0.0,0.0,579.75495
2021-10-14,1159.5099,0.0,0.0,579.75495
2021-10-15,1043.55891,0.0,0.0,463.80396
2021-10-16,579.75495,115.95099,0.0,579.75495
2021-10-17,811.65693,0.0,0.0,579.75495
2021-10-18,1507.3628700000002,115.95099,0.0,695.70594
2021-10-19,927.60792,115.95099,115.95099,695.70594
2021-10-20,695.70594,0.0,0.0,579.75495
2021-10-21,1275.46089,0.0,0.0,463.80396
2021-10-22,463.80396,115.95099,0.0,579.75495
2021-10-23,1043.55891,0.0,0.0,579.75495
2021-10-24,1507.3628700000002,115.95099,115.95099,579.75495
2021-10-25,1275.46089,0.0,0.0,579.75495
2021-10-26,1507.3628700000002,0.0,0.0,579.75495
2021-10-27,811.65693,115.95099,0.0,695.70594
2021-10-28,1275.46089,115.95099,0.0,811.65693
2021-10-29,1507.3628700000002,115.95099,0.0,811.65693
2021-10-30,1043.55891,0.0,0.0,811.65693
2021-10-31,1159.5099,0.0,0.0,811.65693
2021-11-01,1391.41188,0.0,0.0,811.65693
2021-11-02,1391.41188,0.0,0.0,695.70594
2021-11-03,579.75495,115.95099,0.0,811.65693
2021-11-04,1043.55891,0.0,115.95099,695.70594
2021-11-05,927.60792,0.0,0.0,579.75495
2021-11-06,1159.5099,0.0,0.0,579.75495
2021-11-07,2434.9707900000003,0.0,0.0,579.75495
2021-11-08,1623.31386,115.95099,115.95099,579.75495
2021-11-09,347.85297,0.0,0.0,579.75495
2021-11-10,1043.55891,0.0,0.0,579.75495
2021-11-11,1391.41188,115.95099,0.0,695.70594
2021-11-12,1971.1668300000001,0.0,0.0,579.75495
2021-11-13,2319.0198,0.0,0.0,463.80396
2021-11-14,1739.26485,115.95099,0.0,579.75495
2021-11-15,1971.1668300000001,0.0,0.0,463.80396
2021-11-16,2434.9707900000003,0.0,0.0,463.80396
2021-11-17,1971.1668300000001,231.90198,0.0,695.70594
2021-11-18,1971.1668300000001,0.0,0.0,695.70594
2021-11-19,3014.7257400000003,0.0,0.0,695.70594
2021-11-20,2782.82376,0.0,0.0,695.70594
2021-11-21,4869.941580000001,0.0,0.0,695.70594
2021-11-22,3594.4806900000003,115.95099,0.0,811.65693
2021-11-23,2898.77475,0.0,0.0,695.70594
2021-11-24,2782.82376,115.95099,0.0,811.65693
2021-11-25,5449.69653,0.0,0.0,811.65693
2021-11-26,5217.7945500000005,0.0,0.0,695.70594
2021-11-27,4406.13762,0.0,0.0,695.70594
2021-11-28,5333.74554,231.90198,0.0,927.60792
2021-11-29,5565.64752,115.95099,0.0,927.60792
2021-11-30,5449.69653,0.0,0.0,927.60792
2021-12-01,6377.3044500000005,115.95099,0.0,927.60792
2021-12-02,5217.7945500000005,231.90198,0.0,1159.5099
2021-12-03,6493.25544,115.95099,0.0,1275.46089
2021-12-04,6377.3044500000005,115.95099,0.0,1391.41188
2021-12-05,9971.78514,115.95099,0.0,1391.41188
2021-12-06,8812.27524,0.0,0.0,1391.41188
2021-12-07,8000.618310000001,0.0,0.0,1391.41188
2021-12-08,9739.883160000001,115.95099,115.95099,1391.41188
2021-12-09,11595.099,115.95099,115.95099,1391.41188
2021-12-10,11942.95197,115.95099,0.0,1507.3628700000002
2021-12-11,14261.97177,347.85297,0.0,1855.21584
2021-12-12,20291.42325,115.95099,0.0,1855.21584
2021-12-13,19015.96236,347.85297,0.0,2087.11782
2021-12-14,18784.06038,231.90198,0.0,2087.11782
2021-12-15,20871.178200000002,347.85297,0.0,2319.0198
2021-12-16,25161.364830000002,0.0,0.0,2319.0198
2021-12-17,29567.50245,231.90198,115.95099,2434.9707900000003
2021-12-18,35017.19898,115.95099,0.0,2550.92178
2021-12-19,39539.28759,115.95099,0.0,2666.87277
2021-12-20,46960.15095,927.60792,0.0,3594.4806900000003
2021-12-21,49395.12174,115.95099,115.95099,3594.4806900000003
2021-12-22,54265.06332,347.85297,0.0,3826.38267
2021-12-23,72005.56479,0.0,0.0,3710.43168
2021-12-24,75715.99647,115.95099,0.0,3594.4806900000003
2021-12-25,82209.25191,347.85297,0.0,3826.38267
2021-12-26,99485.94942,579.75495,115.95099,4058.28465
2021-12-27,115255.28406,579.75495,0.0,4406.13762
2021-12-28,139489.04097,695.70594,0.0,4753.99059
2021-12-29,147141.80631,811.65693,0.0,5449.69653
2021-12-30,161287.82709,695.70594,0.0,6029.451480000001
2021-12-31,195261.46716,1391.41188,0.0,7304.91237
2022-01-01,211726.50774,927.60792,231.90198,7768.71633
2022-01-02,245352.29484000002,1159.5099,0.0,8812.27524
2022-01-03,261933.28641,1855.21584,231.90198,10203.68712
2022-01-04,292660.29876000003,811.65693,115.95099,10899.39306
2022-01-05,339272.59674,1159.5099,115.95099,11942.95197
2022-01-06,380203.29621,1043.55891,0.0,12754.608900000001
2022-01-07,405248.71005,1043.55891,0.0,13682.21682
2022-01-08,425772.03528,3014.7257400000003,0.0,16465.04058
2022-01-09,456962.85159000003,1159.5099,115.95099,17276.69751
2022-01-10,472384.33326000004,2666.87277,231.90198,19479.766320000002
2022-01-11,480384.95157000003,2550.92178,0.0,21566.884140000002
2022-01-12,486066.55008,4290.18663,231.90198,25045.41384
2022-01-13,486182.50107,3826.38267,347.85297,28407.992550000003
2022-01-14,457078.80258,4522.08861,231.90198,31654.62027
2022-01-15,453832.17486,4406.13762,115.95099,35133.14997
2022-01-16,436787.37933,4406.13762,231.90198,38495.72868
2022-01-17,412089.81846000004,4522.08861,115.95099,42090.209370000004
2022-01-18,387160.35561,5681.59851,347.85297,46844.199960000005
2022-01-19,346229.65614000004,5565.64752,0.0,51714.141540000004
2022-01-20,319213.07547000004,5681.59851,347.85297,56584.08312
2022-01-21,305414.90766,6261.35346,463.80396,60874.26975
2022-01-22,268194.63987,6841.10841,579.75495,65048.505390000006
2022-01-23,267151.08096,4406.13762,463.80396,67715.37816000001
2022-01-24,230742.4701,5333.74554,231.90198,71193.90786
2022-01-25,215436.93942,6493.25544,347.85297,75368.1435
2022-01-26,188304.40776,5449.69653,579.75495,78035.01627000001
2022-01-27,165230.16075,4753.99059,347.85297,80585.93805
2022-01-28,152707.45383,6377.3044500000005,695.70594,84180.41874000001
2022-01-29,136126.46226,4406.13762,463.80396,85803.7326
2022-01-30,128589.64791,4522.08861,231.90198,85919.68359
2022-01-31,121052.83356,3826.38267,579.75495,85223.97765
2022-02-01,107718.46971,4522.08861,347.85297,85919.68359
2022-02-02,100645.45932000001,4174.23564,1507.3628700000002,85339.92864
2022-02-03,89977.96824,3478.5297,927.60792,84064.46775
2022-02-04,80354.03607,2898.77475,695.70594,81861.39894
2022-02-05,74672.43756,3014.7257400000003,579.75495,79658.33013
2022-02-06,64932.5544,3942.3336600000002,347.85297,78846.6732
2022-02-07,60178.56381,2087.11782,115.95099,76179.80043
2022-02-08,51830.09253,2087.11782,463.80396,74324.58459
2022-02-09,51366.288570000004,2319.0198,811.65693,71077.95687000001
2022-02-10,48815.36679,2550.92178,463.80396,69570.594
2022-02-11,42554.01333,1855.21584,1159.5099,66208.01529
2022-02-12,37800.02274,1623.31386,1043.55891,62961.38757
2022-02-13,34901.24799,1043.55891,811.65693,59366.90688
2022-02-14,34321.49304,1391.41188,927.60792,55656.4752
2022-02-15,30958.91433,1391.41188,927.60792,51714.141540000004
2022-02-16,27596.33562,1275.46089,115.95099,48931.317780000005
2022-02-17,25045.41384,695.70594,579.75495,44988.98412
2022-02-18,22030.6881,1507.3628700000002,579.75495,42669.96432
2022-02-19,20871.178200000002,695.70594,115.95099,40350.944520000005
2022-02-20,20059.52127,1159.5099,463.80396,37800.02274
2022-02-21,20407.37424,347.85297,0.0,35944.8069
2022-02-22,15885.28563,695.70594,695.70594,33161.983140000004
2022-02-23,17160.74652,695.70594,115.95099,31886.52225
2022-02-24,14609.82474,115.95099,579.75495,27712.286610000003
2022-02-25,13566.26583,231.90198,231.90198,25045.41384
2022-02-26,12754.608900000001,347.85297,347.85297,23190.198
2022-02-27,12522.70692,695.70594,0.0,21914.737110000002
2022-02-28,11479.14801,347.85297,231.90198,20059.52127
2022-03-01,10435.589100000001,347.85297,0.0,18668.10939
2022-03-02,9739.883160000001,231.90198,463.80396,16696.94256
2022-03-03,10435.589100000001,579.75495,115.95099,15421.481670000001
2022-03-04,8580.37326,927.60792,0.0,14725.775730000001
2022-03-05,6957.0594,463.80396,115.95099,13798.16781
2022-03-06,8116.5693,347.85297,115.95099,11827.00098
2022-03-07,8116.5693,347.85297,0.0,11247.24603
2022-03-08,5797.5495,115.95099,0.0,10551.54009
2022-03-09,7420.86336,115.95099,0.0,10087.736130000001
2022-03-10,5565.64752,347.85297,0.0,9623.93217
2022-03-11,4638.0396,0.0,231.90198,9044.17722
2022-03-12,3594.4806900000003,347.85297,0.0,8812.27524
2022-03-13,4985.89257,0.0,115.95099,7768.71633
2022-03-14,5565.64752,347.85297,0.0,7188.961380000001
2022-03-15,4522.08861,231.90198,0.0,6725.1574200000005
2022-03-16,3478.5297,115.95099,0.0,6493.25544
2022-03-17,2782.82376,115.95099,115.95099,5797.5495
2022-03-18,3130.67673,231.90198,0.0,5217.7945500000005
2022-03-19,3478.5297,0.0,0.0,4985.89257
2022-03-20,2434.9707900000003,115.95099,0.0,4869.941580000001
2022-03-21,1739.26485,0.0,347.85297,4058.28465
2022-03-22,2666.87277,0.0,0.0,3478.5297
2022-03-23,3594.4806900000003,0.0,0.0,3130.67673
2022-03-24,2087.11782,115.95099,115.95099,2898.77475
2022-03-25,2087.11782,0.0,0.0,2550.92178
2022-03-26,2666.87277,0.0,115.95099,2434.9707900000003
2022-03-27,1739.26485,0.0,0.0,2203.06881
2022-03-28,1739.26485,115.95099,0.0,1971.1668300000001
2022-03-29,1855.21584,0.0,115.95099,1507.3628700000002
2022-03-30,1391.41188,115.95099,0.0,1275.46089
2022-03-31,1043.55891,0.0,0.0,1043.55891
2022-04-01,1739.26485,231.90198,0.0,1275.46089
2022-04-02,1043.55891,115.95099,0.0,1275.46089
2022-04-03,1971.1668300000001,0.0,0.0,1159.5099
2022-04-04,2087.11782,115.95099,0.0,1159.5099
2022-04-05,1623.31386,0.0,0.0,1043.55891
2022-04-06,1391.41188,0.0,0.0,1043.55891
2022-04-07,811.65693,231.90198,0.0,1275.46089
2022-04-08,2319.0198,0.0,0.0,1275.46089
2022-04-09,1159.5099,0.0,0.0,927.60792
2022-04-10,1507.3628700000002,0.0,0.0,927.60792
2022-04-11,1043.55891,0.0,0.0,927.60792
2022-04-12,1275.46089,115.95099,0.0,1043.55891
2022-04-13,1043.55891,0.0,0.0,1043.55891
2022-04-14,1275.46089,0.0,0.0,927.60792
2022-04-15,927.60792,0.0,0.0,927.60792
2022-04-16,695.70594,115.95099,0.0,1043.55891
2022-04-17,811.65693,0.0,0.0,1043.55891
2022-04-18,1043.55891,0.0,0.0,927.60792
2022-04-19,579.75495,0.0,0.0,811.65693
2022-04-20,579.75495,0.0,0.0,695.70594
2022-04-21,463.80396,115.95099,0.0,695.70594
2022-04-22,579.75495,0.0,0.0,695.70594
2022-04-23,695.70594,115.95099,0.0,695.70594
2022-04-24,695.70594,0.0,0.0,695.70594
2022-04-25,579.75495,115.95099,0.0,811.65693
2022-04-26,811.65693,0.0,0.0,811.65693
2022-04-27,811.65693,115.95099,0.0,927.60792
2022-04-28,927.60792,0.0,0.0,811.65693
2022-04-29,811.65693,115.95099,0.0,927.60792
2022-04-30,1043.55891,0.0,0.0,927.60792
2022-05-01,1507.3628700000002,0.0,0.0,927.60792
2022-05-02,1043.55891,115.95099,0.0,1043.55891
2022-05-03,1043.55891,0.0,0.0,1043.55891
2022-05-04,927.60792,0.0,0.0,1043.55891
2022-05-05,463.80396,0.0,0.0,1043.55891
2022-05-06,1043.55891,0.0,0.0,927.60792
2022-05-07,1855.21584,115.95099,0.0,1043.55891
2022-05-08,1391.41188,0.0,0.0,1043.55891
2022-05-09,1043.55891,115.95099,0.0,1043.55891
2022-05-10,1739.26485,115.95099,0.0,927.60792
2022-05-11,1275.46089,0.0,115.95099,811.65693
2022-05-12,927.60792,0.0,0.0,811.65693
2022-05-13,1159.5099,115.95099,0.0,927.60792
2022-05-14,1159.5099,0.0,0.0,927.60792
2022-05-15,2203.06881,0.0,0.0,927.60792
2022-05-16,1159.5099,0.0,0.0,811.65693
2022-05-17,1275.46089,115.95099,0.0,811.65693
2022-05-18,1391.41188,0.0,0.0,811.65693
2022-05-19,1159.5099,0.0,0.0,811.65693
2022-05-20,2203.06881,0.0,0.0,695.70594
2022-05-21,1507.3628700000002,0.0,0.0,695.70594
2022-05-22,2550.92178,0.0,0.0,695.70594
2022-05-23,1507.3628700000002,0.0,0.0,579.75495
2022-05-24,1623.31386,0.0,0.0,579.75495
2022-05-25,1623.31386,0.0,0.0,579.75495
2022-05-26,2319.0198,231.90198,0.0,811.65693
2022-05-27,2666.87277,0.0,0.0,811.65693
2022-05-28,2550.92178,0.0,0.0,695.70594
2022-05-29,2319.0198,0.0,0.0,579.75495
2022-05-30,1739.26485,115.95099,0.0,579.75495
2022-05-31,2782.82376,0.0,0.0,579.75495
2022-06-01,2087.11782,115.95099,0.0,463.80396
2022-06-02,2898.77475,115.95099,0.0,579.75495
2022-06-03,2550.92178,115.95099,0.0,695.70594
2022-06-04,3594.4806900000003,0.0,0.0,695.70594
2022-06-05,2319.0198,231.90198,0.0,927.60792
2022-06-06,3130.67673,115.95099,0.0,1043.55891
2022-06-07,4406.13762,0.0,0.0,1043.55891
2022-06-08,3478.5297,115.95099,0.0,1159.5099
2022-06-09,3478.5297,0.0,0.0,1159.5099
2022-06-10,3130.67673,0.0,0.0,1159.5099
2022-06-11,3942.3336600000002,0.0,0.0,1159.5099
2022-06-12,2434.9707900000003,115.95099,0.0,1159.5099
2022-06-13,3710.43168,115.95099,0.0,1159.5099
2022-06-14,3362.5787100000002,115.95099,0.0,1159.5099
2022-06-15,2782.82376,115.95099,0.0,1275.46089
2022-06-16,4406.13762,115.95099,0.0,1391.41188
2022-06-17,3246.62772,347.85297,0.0,1739.26485
2022-06-18,2666.87277,0.0,0.0,1739.26485
2022-06-19,3594.4806900000003,0.0,0.0,1623.31386
2022-06-20,3246.62772,231.90198,0.0,1739.26485
2022-06-21,4522.08861,0.0,0.0,1739.26485
2022-06-22,5565.64752,0.0,0.0,1623.31386
2022-06-23,5217.7945500000005,115.95099,0.0,1623.31386
2022-06-24,4753.99059,115.95099,0.0,1623.31386
2022-06-25,4638.0396,115.95099,0.0,1739.26485
2022-06-26,5565.64752,231.90198,0.0,1971.1668300000001
2022-06-27,5565.64752,231.90198,0.0,2203.06881
2022-06-28,5101.84356,0.0,0.0,2087.11782
2022-06-29,5681.59851,347.85297,0.0,2434.9707900000003
2022-06-30,4522.08861,115.95099,0.0,2434.9707900000003
2022-07-01,7884.6673200000005,231.90198,0.0,2550.92178
2022-07-02,6725.1574200000005,0.0,0.0,2550.92178
2022-07-03,9507.98118,0.0,0.0,2434.9707900000003
2022-07-04,6957.0594,231.90198,115.95099,2319.0198
2022-07-05,7884.6673200000005,0.0,0.0,2203.06881
2022-07-06,6841.10841,231.90198,0.0,2434.9707900000003
2022-07-07,9507.98118,347.85297,0.0,2666.87277
2022-07-08,9276.0792,115.95099,231.90198,2434.9707900000003
2022-07-09,9276.0792,231.90198,0.0,2550.92178
2022-07-10,8580.37326,115.95099,0.0,2666.87277
2022-07-11,11247.24603,347.85297,115.95099,2782.82376
2022-07-12,7884.6673200000005,463.80396,0.0,3246.62772
2022-07-13,12638.65791,231.90198,0.0,3478.5297
2022-07-14,12522.70692,115.95099,0.0,3246.62772
2022-07-15,12522.70692,231.90198,0.0,3362.5787100000002
2022-07-16,13682.21682,0.0,115.95099,3014.7257400000003
2022-07-17,15073.628700000001,231.90198,0.0,3130.67673
2022-07-18,13682.21682,463.80396,0.0,3594.4806900000003
2022-07-19,15073.628700000001,347.85297,0.0,3942.3336600000002
2022-07-20,16233.1386,347.85297,0.0,4058.28465
2022-07-21,15305.53068,231.90198,0.0,4058.28465
2022-07-22,17508.59949,231.90198,0.0,4174.23564
2022-07-23,20175.472260000002,463.80396,0.0,4290.18663
2022-07-24,18784.06038,347.85297,115.95099,4290.18663
2022-07-25,19827.619290000002,927.60792,0.0,5101.84356
2022-07-26,19827.619290000002,695.70594,0.0,5449.69653
2022-07-27,20871.178200000002,579.75495,115.95099,5913.50049
2022-07-28,22958.29602,231.90198,115.95099,6029.451480000001
2022-07-29,23422.099980000003,463.80396,0.0,6493.25544
2022-07-30,23306.14899,463.80396,0.0,6725.1574200000005
2022-07-31,27132.53166,1043.55891,115.95099,7304.91237
2022-08-01,24581.60988,347.85297,0.0,7304.91237
2022-08-02,26900.629680000002,695.70594,0.0,7884.6673200000005
2022-08-03,32002.473240000003,1043.55891,0.0,8696.32425
2022-08-04,30263.20839,579.75495,115.95099,8812.27524
2022-08-05,34089.59106,463.80396,0.0,9160.12821
2022-08-06,33046.03215,463.80396,0.0,9276.0792
2022-08-07,39075.48363,579.75495,231.90198,9623.93217
2022-08-08,35249.10096,695.70594,0.0,9971.78514
2022-08-09,41626.40541,811.65693,115.95099,10435.589100000001
2022-08-10,37452.16977,811.65693,0.0,10899.39306
2022-08-11,46148.49402,1159.5099,0.0,11479.14801
2022-08-12,45104.93511,1275.46089,115.95099,11942.95197
2022-08-13,51830.09253,1159.5099,0.0,13102.461870000001
2022-08-14,50322.729660000005,1391.41188,0.0,14146.02078
2022-08-15,53801.259360000004,1623.31386,0.0,15305.53068
2022-08-16,57627.64203,927.60792,0.0,15653.38365
2022-08-17,57743.59302,1971.1668300000001,115.95099,16696.94256
2022-08-18,67367.52519,1971.1668300000001,231.90198,18320.25642
2022-08-19,62613.5346,811.65693,463.80396,18088.35444
2022-08-20,73628.87865,1739.26485,0.0,19363.81533
2022-08-21,67019.67222000001,1507.3628700000002,115.95099,20291.42325
2022-08-22,73165.07469000001,1855.21584,115.95099,21450.93315
2022-08-23,74092.68261,1623.31386,115.95099,22494.49206
2022-08-24,77107.40835,1623.31386,231.90198,23190.198
2022-08-25,78382.86924,2087.11782,115.95099,24813.511860000002
2022-08-26,80469.98706,2434.9707900000003,231.90198,25973.02176
2022-08-27,82209.25191,1971.1668300000001,115.95099,26900.629680000002
2022-08-28,79310.47716000001,2319.0198,115.95099,28176.09057
2022-08-29,88122.7524,2898.77475,115.95099,29799.404430000002
2022-08-30,94384.10586000001,2434.9707900000003,231.90198,31074.86532
2022-08-31,105167.54793,2434.9707900000003,115.95099,32350.326210000003
2022-09-01,95543.61576,2203.06881,0.0,33625.7871
2022-09-02,94963.86081,3014.7257400000003,347.85297,34901.24799
2022-09-03,99601.90041,3130.67673,0.0,36872.41482
2022-09-04,111196.99941,2898.77475,347.85297,38031.92472
2022-09-05,109109.88159,1855.21584,347.85297,38031.92472
2022-09-06,114211.72515,3594.4806900000003,115.95099,39771.18957
2022-09-07,116066.94099,2898.77475,347.85297,41046.650460000004
2022-09-08,116878.59792,2666.87277,231.90198,41974.25838
2022-09-09,118270.0098,3594.4806900000003,347.85297,43481.621250000004
2022-09-10,123835.65732,5101.84356,579.75495,46032.54303
2022-09-11,127893.94197,3478.5297,463.80396,47655.85689
2022-09-12,112820.31327,3130.67673,115.95099,48583.464810000005
2022-09-13,125227.0692,4522.08861,231.90198,50206.77867
2022-09-14,121864.49049000001,3942.3336600000002,579.75495,52757.700450000004
2022-09-15,122096.39247,4522.08861,115.95099,55424.573220000006
2022-09-16,115255.28406,3826.38267,347.85297,56700.03411
2022-09-17,126270.62811,4638.0396,231.90198,58787.15193
2022-09-18,121748.5395,3826.38267,231.90198,59946.661830000005
2022-09-19,120589.02960000001,4869.941580000001,695.70594,62149.73064
2022-09-20,122212.34346,5333.74554,347.85297,64352.799450000006
2022-09-21,124183.51029,4290.18663,347.85297,66208.01529
2022-09-22,121400.68653,4753.99059,115.95099,68179.18212
2022-09-23,117342.40188,5913.50049,927.60792,70846.05489
2022-09-24,117110.49990000001,6261.35346,347.85297,74092.68261
2022-09-25,112356.50931000001,5449.69653,463.80396,76643.60439000001
2022-09-26,104703.74397000001,5565.64752,231.90198,78614.77122000001
2022-09-27,108066.32268,4522.08861,927.60792,78266.91825
2022-09-28,108530.12664,5333.74554,347.85297,80006.18310000001
2022-09-29,104471.84199,4290.18663,695.70594,80238.08508
2022-09-30,99485.94942,4985.89257,463.80396,81165.693
2022-10-01,92412.93903000001,4638.0396,695.70594,81977.34993
2022-10-02,93224.59596,4058.28465,1043.55891,81397.59498000001
2022-10-03,92760.792,5101.84356,695.70594,82441.15389
2022-10-04,87658.94844000001,5449.69653,579.75495,83600.66379
2022-10-05,88586.55636,4985.89257,115.95099,84760.17369
2022-10-06,86035.63458,4174.23564,811.65693,85339.92864
2022-10-07,79194.52617,4753.99059,347.85297,86267.53656000001
2022-10-08,79658.33013,4985.89257,811.65693,87195.14448
2022-10-09,83136.85983,4290.18663,347.85297,86035.63458
2022-10-10,72237.46677,4406.13762,347.85297,85687.78161
2022-10-11,70150.34895,4638.0396,463.80396,86151.58557000001
2022-10-12,70614.15291,3942.3336600000002,1159.5099,84064.46775
2022-10-13,67947.28014,4174.23564,695.70594,84992.07567
2022-10-14,59135.0049,3478.5297,695.70594,83368.76181
2022-10-15,59830.71084,3014.7257400000003,1391.41188,79542.37914
2022-10-16,57395.74005,4522.08861,811.65693,79426.42815
2022-10-17,55772.426190000006,3362.5787100000002,463.80396,78150.96726
2022-10-18,57859.544010000005,3710.43168,811.65693,76875.50637
2022-10-19,54265.06332,3014.7257400000003,115.95099,75715.99647
2022-10-20,51946.04352,3130.67673,695.70594,74440.53558
2022-10-21,48467.51382,2666.87277,0.0,73281.02568
2022-10-22,43829.474220000004,2550.92178,463.80396,70266.29994
2022-10-23,42090.209370000004,2666.87277,463.80396,68758.93707
2022-10-24,40698.797490000004,1507.3628700000002,927.60792,65164.45638
2022-10-25,42322.11135,1391.41188,811.65693,62613.5346
2022-10-26,38611.679670000005,2434.9707900000003,927.60792,59482.85787
2022-10-27,39539.28759,2434.9707900000003,463.80396,56815.985100000005
2022-10-28,34901.24799,2434.9707900000003,579.75495,55540.52421
2022-10-29,33046.03215,1971.1668300000001,695.70594,52989.60243
2022-10-30,32350.326210000003,2898.77475,463.80396,51714.141540000004
2022-10-31,32698.179180000003,1275.46089,231.90198,49511.07273
2022-11-01,26436.82572,2203.06881,347.85297,48003.70986
2022-11-02,29335.60047,2550.92178,463.80396,46728.24897
2022-11-03,23769.952950000003,1623.31386,695.70594,44525.18016
2022-11-04,26088.97275,1507.3628700000002,579.75495,42206.16036
2022-11-05,28060.139580000003,1391.41188,231.90198,41394.503430000004
2022-11-06,25393.26681,1391.41188,579.75495,39539.28759
2022-11-07,22146.63909,2550.92178,463.80396,39307.385610000005
2022-11-08,21450.93315,1507.3628700000002,231.90198,38495.72868
2022-11-09,22262.59008,1391.41188,115.95099,37220.26779
2022-11-10,21798.78612,1391.41188,579.75495,34553.39502
2022-11-11,19711.6683,1043.55891,115.95099,33625.7871
2022-11-12,21450.93315,1623.31386,231.90198,32930.08116
2022-11-13,22378.54107,811.65693,347.85297,32118.42423
2022-11-14,18204.30543,811.65693,347.85297,31306.7673
2022-11-15,18088.35444,1043.55891,231.90198,30147.257400000002
2022-11-16,21103.08018,1159.5099,115.95099,29103.698490000002
2022-11-17,18900.01137,695.70594,231.90198,27944.18859
2022-11-18,20059.52127,811.65693,0.0,26668.7277
2022-11-19,19943.57028,1739.26485,231.90198,25973.02176
2022-11-20,20755.22721,579.75495,347.85297,24929.46285
2022-11-21,19827.619290000002,695.70594,231.90198,23422.099980000003
2022-11-22,14957.67771,927.60792,231.90198,22842.34503
2022-11-23,19363.81533,1391.41188,0.0,22494.49206
2022-11-24,21798.78612,811.65693,0.0,21798.78612
2022-11-25,18320.25642,1043.55891,115.95099,20639.27622
2022-11-26,18552.1584,115.95099,231.90198,19363.81533
2022-11-27,19827.619290000002,1391.41188,231.90198,19247.86434
2022-11-28,19595.71731,927.60792,0.0,18668.10939
2022-11-29,19015.96236,463.80396,231.90198,18204.30543
2022-11-30,19247.86434,231.90198,231.90198,16580.991570000002
2022-12-01,21914.737110000002,579.75495,0.0,16233.1386
2022-12-02,25161.364830000002,1159.5099,0.0,16001.236620000001
2022-12-03,22610.44305,579.75495,231.90198,15769.334640000001
2022-12-04,20059.52127,579.75495,115.95099,14609.82474
2022-12-05,22262.59008,579.75495,231.90198,13566.26583
2022-12-06,26088.97275,695.70594,115.95099,12870.55989
2022-12-07,23306.14899,115.95099,115.95099,12406.755930000001
2022-12-08,23885.90394,463.80396,0.0,12058.902960000001
2022-12-09,27248.48265,463.80396,0.0,12174.85395
2022-12-10,27364.43364,463.80396,0.0,12058.902960000001
2022-12-11,28292.04156,347.85297,0.0,11711.049990000001
2022-12-12,30263.20839,115.95099,115.95099,11247.24603
2022-12-13,31538.669280000002,347.85297,115.95099,11131.29504
2022-12-14,34089.59106,579.75495,115.95099,10551.54009
2022-12-15,36756.46383,347.85297,0.0,10087.736130000001
2022-12-16,38031.92472,463.80396,115.95099,9855.83415
2022-12-17,38959.532640000005,231.90198,0.0,8928.22623
2022-12-18,38727.63066,231.90198,0.0,8696.32425
2022-12-19,43133.768280000004,115.95099,0.0,8232.52029
2022-12-20,44873.03313,231.90198,0.0,7420.86336
2022-12-21,42669.96432,231.90198,0.0,7188.961380000001
2022-12-22,48583.464810000005,463.80396,115.95099,6957.0594
2022-12-23,48235.611840000005,695.70594,0.0,7304.91237
2022-12-24,51714.141540000004,579.75495,115.95099,7188.961380000001
2022-12-25,59830.71084,811.65693,0.0,7420.86336
2022-12-26,61685.926680000004,811.65693,0.0,8116.5693
2022-12-27,66092.0643,231.90198,115.95099,7768.71633
2022-12-28,67831.32915,231.90198,115.95099,7304.91237
2022-12-29,72701.27073,347.85297,115.95099,7073.01039
2022-12-30,77919.06528000001,811.65693,0.0,7073.01039
2022-12-31,79078.57518,811.65693,0.0,7420.86336
2023-01-01,89514.16428,347.85297,0.0,7420.86336
2023-01-02,89166.31131,463.80396,0.0,7652.76534
2023-01-03,90789.62517,1043.55891,115.95099,8348.47128
2023-01-04,101109.26328,695.70594,0.0,8696.32425
2023-01-05,100529.50833,579.75495,0.0,8928.22623
2023-01-06,110501.29347,1159.5099,115.95099,9507.98118
2023-01-07,110037.48951,463.80396,115.95099,9623.93217
2023-01-08,117806.20584000001,811.65693,0.0,9971.78514
2023-01-09,117342.40188,811.65693,0.0,10667.49108
2023-01-10,123024.00039,695.70594,115.95099,10551.54009
2023-01-11,134387.19741,1507.3628700000002,0.0,11942.95197
2023-01-12,134966.95236,1739.26485,115.95099,13450.314840000001
2023-01-13,129633.20682,1275.46089,0.0,14377.922760000001
2023-01-14,133227.68751000002,1623.31386,115.95099,15653.38365
2023-01-15,146562.05136,811.65693,0.0,16001.236620000001
2023-01-16,157809.29739,1391.41188,0.0,16696.94256
2023-01-17,150040.58106,1855.21584,0.0,18088.35444
2023-01-18,151895.79690000002,1043.55891,0.0,18204.30543
2023-01-19,160939.97412,811.65693,115.95099,18436.20741
2023-01-20,161867.58204,695.70594,231.90198,18088.35444
2023-01-21,154794.57165,1855.21584,0.0,19363.81533
2023-01-22,163838.74887,1507.3628700000002,115.95099,20523.325230000002
2023-01-23,160824.02313000002,1507.3628700000002,231.90198,21103.08018
2023-01-24,163490.8959,1391.41188,231.90198,21103.08018
2023-01-25,158736.90531,1507.3628700000002,115.95099,22146.63909
2023-01-26,161983.53303000002,1275.46089,115.95099,22726.39404
2023-01-27,167549.18055000002,1507.3628700000002,231.90198,23422.099980000003
2023-01-28,153055.30680000002,1623.31386,115.95099,24001.85493
2023-01-29,156997.64046,1623.31386,115.95099,24349.7079
2023-01-30,144358.98255000002,1507.3628700000002,115.95099,25161.364830000002
2023-01-31,156070.03254000001,2550.92178,231.90198,26436.82572
2023-02-01,151200.09096,1739.26485,463.80396,26784.67869
2023-02-02,144706.83552,1855.21584,231.90198,26900.629680000002
2023-02-03,145518.49245000002,1623.31386,115.95099,27828.2376
2023-02-04,138909.28602,2087.11782,231.90198,28292.04156
2023-02-05,140416.64889,2319.0198,0.0,29567.50245
2023-02-06,124067.55930000001,2434.9707900000003,115.95099,31190.816310000002
2023-02-07,130560.81474,1159.5099,115.95099,31306.7673
2023-02-08,121516.63752,1623.31386,463.80396,30611.06136
2023-02-09,115603.13703,927.60792,347.85297,29335.60047
2023-02-10,111660.80337000001,2087.11782,115.95099,29799.404430000002
2023-02-11,110385.34248,1391.41188,231.90198,29567.50245
2023-02-12,107022.76377,1971.1668300000001,115.95099,29683.45344
2023-02-13,101573.06724,1507.3628700000002,231.90198,29567.50245
2023-02-14,95195.76279000001,1159.5099,463.80396,29219.64948
2023-02-15,93804.35091000001,1391.41188,115.95099,29219.64948
2023-02-16,87658.94844000001,1855.21584,115.95099,29567.50245
2023-02-17,86267.53656000001,1275.46089,347.85297,29219.64948
2023-02-18,72353.41776,1275.46089,231.90198,28987.7475
2023-02-19,77339.31033000001,1623.31386,463.80396,28871.79651
2023-02-20,68874.88806,1391.41188,347.85297,28176.09057
2023-02-21,65512.30935,927.60792,115.95099,27828.2376
2023-02-22,71309.85885,1275.46089,231.90198,27132.53166
2023-02-23,63425.191530000004,695.70594,347.85297,26436.82572
2023-02-24,61801.87767,1623.31386,347.85297,26088.97275
2023-02-25,60526.41678,579.75495,463.80396,24581.60988
2023-02-26,53569.35738,1507.3628700000002,463.80396,24001.85493
2023-02-27,50786.53362,1507.3628700000002,231.90198,23654.00196
2023-02-28,50670.582630000004,811.65693,347.85297,22842.34503
2023-03-01,46264.44501,695.70594,115.95099,21914.737110000002
2023-03-02,41046.650460000004,927.60792,115.95099,21566.884140000002
2023-03-03,41858.30739,579.75495,115.95099,20987.12919
2023-03-04,41162.60145,1159.5099,115.95099,20523.325230000002
2023-03-05,35365.05195,463.80396,231.90198,19363.81533
2023-03-06,32582.22819,811.65693,231.90198,18900.01137
2023-03-07,32814.130170000004,1043.55891,0.0,18668.10939
2023-03-08,31538.669280000002,463.80396,0.0,18088.35444
2023-03-09,31190.816310000002,695.70594,0.0,17508.59949
2023-03-10,30031.30641,347.85297,231.90198,16696.94256
2023-03-11,27248.48265,463.80396,0.0,16580.991570000002
2023-03-12,27016.58067,463.80396,115.95099,16001.236620000001
2023-03-13,23885.90394,463.80396,115.95099,15537.43266
2023-03-14,23654.00196,811.65693,0.0,15073.628700000001
2023-03-15,23074.24701,347.85297,0.0,14377.922760000001
2023-03-16,20059.52127,579.75495,231.90198,13566.26583
2023-03-17,21103.08018,347.85297,231.90198,12174.85395
2023-03-18,20175.472260000002,463.80396,115.95099,12058.902960000001
2023-03-19,16812.89355,231.90198,231.90198,11363.19702
2023-03-20,17160.74652,463.80396,115.95099,11131.29504
2023-03-21,15885.28563,1275.46089,0.0,11595.099
2023-03-22,15885.28563,115.95099,231.90198,10783.442070000001
2023-03-23,11595.099,231.90198,0.0,10667.49108
2023-03-24,12754.608900000001,463.80396,0.0,10319.63811
2023-03-25,12058.902960000001,115.95099,0.0,9276.0792
2023-03-26,12406.755930000001,115.95099,0.0,9044.17722
2023-03-27,10899.39306,347.85297,115.95099,8580.37326
2023-03-28,13682.21682,115.95099,115.95099,7884.6673200000005
2023-03-29,11015.34405,115.95099,0.0,7073.01039
2023-03-30,11131.29504,0.0,231.90198,6261.35346
2023-03-31,9044.17722,0.0,0.0,6029.451480000001
2023-04-01,10783.442070000001,115.95099,115.95099,5681.59851
2023-04-02,7420.86336,0.0,115.95099,5333.74554
2023-04-03,9739.883160000001,0.0,0.0,4638.0396
2023-04-04,7768.71633,115.95099,115.95099,4290.18663
2023-04-05,8232.52029,231.90198,0.0,3594.4806900000003
2023-04-06,7420.86336,347.85297,115.95099,3710.43168
2023-04-07,6261.35346,115.95099,0.0,3362.5787100000002
2023-04-08,6957.0594,0.0,115.95099,2898.77475
2023-04-09,6493.25544,0.0,0.0,2782.82376
2023-04-10,6377.3044500000005,0.0,0.0,2319.0198
2023-04-11,5913.50049,0.0,0.0,2087.11782
2023-04-12,6029.451480000001,115.95099,115.95099,1855.21584
2023-04-13,5681.59851,0.0,0.0,1507.3628700000002
2023-04-14,4869.941580000001,231.90198,0.0,1739.26485
2023-04-15,3942.3336600000002,347.85297,0.0,2087.11782
2023-04-16,3942.3336600000002,115.95099,0.0,2087.11782
2023-04-17,4638.0396,231.90198,0.0,2087.11782
2023-04-18,4058.28465,115.95099,0.0,2203.06881
2023-04-19,3130.67673,0.0,0.0,2087.11782
2023-04-20,3362.5787100000002,0.0,0.0,1739.26485
2023-04-21,3478.5297,115.95099,0.0,1623.31386
2023-04-22,2666.87277,0.0,0.0,1623.31386
2023-04-23,3826.38267,0.0,0.0,1623.31386
2023-04-24,3478.5297,0.0,115.95099,1507.3628700000002
2023-04-25,3710.43168,231.90198,0.0,1623.31386
2023-04-26,3594.4806900000003,115.95099,0.0,1623.31386
2023-04-27,4174.23564,0.0,0.0,1275.46089
2023-04-28,3362.5787100000002,0.0,0.0,1275.46089
2023-04-29,3246.62772,115.95099,0.0,1391.41188
2023-04-30,2434.9707900000003,0.0,0.0,1275.46089
2023-05-01,4174.23564,115.95099,0.0,1043.55891
2023-05-02,3478.5297,0.0,0.0,1043.55891
2023-05-03,3014.7257400000003,115.95099,0.0,1159.5099
2023-05-04,2898.77475,0.0,0.0,927.60792
2023-05-05,3130.67673,115.95099,0.0,927.60792
2023-05-06,1971.1668300000001,0.0,0.0,927.60792
2023-05-07,2550.92178,0.0,0.0,927.60792
2023-05-08,1971.1668300000001,0.0,0.0,811.65693
2023-05-09,2782.82376,0.0,0.0,695.70594
2023-05-10,2666.87277,0.0,0.0,695.70594
2023-05-11,2319.0198,0.0,0.0,579.75495
2023-05-12,1739.26485,0.0,0.0,579.75495
2023-05-13,2782.82376,0.0,0.0,579.75495
2023-05-14,2666.87277,115.95099,0.0,695.70594
2023-05-15,1623.31386,115.95099,0.0,811.65693
2023-05-16,2550.92178,115.95099,0.0,811.65693
2023-05-17,1391.41188,0.0,115.95099,695.70594
2023-05-18,2898.77475,0.0,0.0,695.70594
2023-05-19,2898.77475,0.0,0.0,695.70594
2023-05-20,1043.55891,0.0,0.0,695.70594
2023-05-21,2203.06881,0.0,0.0,695.70594
2023-05-22,2550.92178,115.95099,0.0,811.65693
2023-05-23,1971.1668300000001,0.0,0.0,695.70594
2023-05-24,2434.9707900000003,0.0,0.0,695.70594
2023-05-25,1391.41188,0.0,0.0,695.70594
2023-05-26,2087.11782,0.0,0.0,579.75495
2023-05-27,3130.67673,0.0,0.0,579.75495
2023-05-28,1855.21584,0.0,0.0,579.75495
2023-05-29,1855.21584,0.0,0.0,579.75495
2023-05-30,1971.1668300000001,115.95099,0.0,579.75495
2023-05-31,1275.46089,0.0,0.0,579.75495
2023-06-01,1855.21584,0.0,0.0,463.80396
2023-06-02,2087.11782,115.95099,0.0,579.75495
2023-06-03,1391.41188,115.95099,0.0,695.70594
2023-06-04,1623.31386,0.0,0.0,695.70594
2023-06-05,2898.77475,0.0,0.0,695.70594
2023-06-06,2782.82376,0.0,0.0,695.70594
2023-06-07,2319.0198,0.0,0.0,695.70594
2023-06-08,1623.31386,0.0,0.0,695.70594
2023-06-09,2550.92178,0.0,0.0,579.75495
2023-06-10,2203.06881,0.0,0.0,579.75495
2023-06-11,1971.1668300000001,115.95099,115.95099,579.75495
2023-06-12,1275.46089,0.0,0.0,579.75495
2023-06-13,1275.46089,115.95099,0.0,579.75495
2023-06-14,2666.87277,0.0,0.0,579.75495
2023-06-15,2898.77475,0.0,0.0,579.75495
2023-06-16,2319.0198,0.0,0.0,463.80396
2023-06-17,2550.92178,115.95099,0.0,579.75495
2023-06-18,1623.31386,0.0,0.0,579.75495
2023-06-19,2434.9707900000003,0.0,0.0,579.75495
2023-06-20,1739.26485,0.0,0.0,579.75495
2023-06-21,3362.5787100000002,0.0,0.0,463.80396
2023-06-22,2434.9707900000003,115.95099,0.0,579.75495
2023-06-23,2666.87277,0.0,0.0,579.75495
2023-06-24,2782.82376,115.95099,0.0,695.70594
2023-06-25,2666.87277,0.0,0.0,695.70594
2023-06-26,2782.82376,0.0,0.0,579.75495
2023-06-27,1623.31386,0.0,0.0,579.75495
