DATE,NEW_IN
2020-03-06,0
2020-03-07,0
2020-03-08,0
2020-03-09,1
2020-03-10,0
2020-03-11,7
2020-03-12,26
2020-03-13,61
2020-03-14,56
2020-03-15,70
2020-03-16,88
2020-03-17,125
2020-03-18,179
2020-03-19,213
2020-03-20,294
2020-03-21,322
2020-03-22,278
2020-03-23,268
2020-03-24,420
2020-03-25,543
2020-03-26,494
2020-03-27,587
2020-03-28,642
2020-03-29,545
2020-03-30,486
2020-03-31,550
2020-04-01,599
2020-04-02,572
2020-04-03,502
2020-04-04,502
2020-04-05,360
2020-04-06,324
2020-04-07,475
2020-04-08,464
2020-04-09,467
2020-04-10,431
2020-04-11,392
2020-04-12,277
2020-04-13,244
2020-04-14,253
2020-04-15,317
2020-04-16,313
2020-04-17,306
2020-04-18,265
2020-04-19,227
2020-04-20,184
2020-04-21,262
2020-04-22,216
2020-04-23,204
2020-04-24,221
2020-04-25,203
2020-04-26,130
2020-04-27,129
2020-04-28,165
2020-04-29,185
2020-04-30,153
2020-05-01,134
2020-05-02,82
2020-05-03,62
2020-05-04,92
2020-05-05,123
2020-05-06,101
2020-05-07,122
2020-05-08,79
2020-05-09,85
2020-05-10,62
2020-05-11,48
2020-05-12,74
2020-05-13,83
2020-05-14,66
2020-05-15,65
2020-05-16,62
2020-05-17,45
2020-05-18,52
2020-05-19,59
2020-05-20,77
2020-05-21,63
2020-05-22,37
2020-05-23,56
2020-05-24,31
2020-05-25,39
2020-05-26,39
2020-05-27,53
2020-05-28,28
2020-05-29,28
2020-05-30,42
2020-05-31,26
2020-06-01,29
2020-06-02,36
2020-06-03,22
2020-06-04,34
2020-06-05,30
2020-06-06,23
2020-06-07,24
2020-06-08,18
2020-06-09,24
2020-06-10,20
2020-06-11,33
2020-06-12,25
2020-06-13,11
2020-06-14,16
2020-06-15,12
2020-06-16,27
2020-06-17,19
2020-06-18,21
2020-06-19,21
2020-06-20,18
2020-06-21,12
2020-06-22,14
2020-06-23,12
2020-06-24,16
2020-06-25,21
2020-06-26,18
2020-06-27,16
2020-06-28,7
2020-06-29,14
2020-06-30,17
2020-07-01,9
2020-07-02,13
2020-07-03,6
2020-07-04,16
2020-07-05,7
2020-07-06,10
2020-07-07,17
2020-07-08,9
2020-07-09,11
2020-07-10,6
2020-07-11,11
2020-07-12,7
2020-07-13,9
2020-07-14,18
2020-07-15,11
2020-07-16,13
2020-07-17,11
2020-07-18,27
2020-07-19,18
2020-07-20,14
2020-07-21,9
2020-07-22,23
2020-07-23,33
2020-07-24,34
2020-07-25,26
2020-07-26,16
2020-07-27,28
2020-07-28,41
2020-07-29,35
2020-07-30,30
2020-07-31,19
2020-08-01,29
2020-08-02,29
2020-08-03,29
2020-08-04,20
2020-08-05,50
2020-08-06,33
2020-08-07,33
2020-08-08,38
2020-08-09,23
2020-08-10,41
2020-08-11,52
2020-08-12,35
2020-08-13,46
2020-08-14,33
2020-08-15,43
2020-08-16,29
2020-08-17,21
2020-08-18,35
2020-08-19,39
2020-08-20,30
2020-08-21,31
2020-08-22,26
2020-08-23,18
2020-08-24,17
2020-08-25,12
2020-08-26,21
2020-08-27,21
2020-08-28,19
2020-08-29,8
2020-08-30,14
2020-08-31,18
2020-09-01,28
2020-09-02,26
2020-09-03,13
2020-09-04,22
2020-09-05,16
2020-09-06,17
2020-09-07,26
2020-09-08,42
2020-09-09,24
2020-09-10,29
2020-09-11,31
2020-09-12,35
2020-09-13,41
2020-09-14,34
2020-09-15,50
2020-09-16,46
2020-09-17,49
2020-09-18,58
2020-09-19,58
2020-09-20,50
2020-09-21,61
2020-09-22,76
2020-09-23,74
2020-09-24,93
2020-09-25,74
2020-09-26,54
2020-09-27,51
2020-09-28,74
2020-09-29,91
2020-09-30,89
2020-10-01,90
2020-10-02,75
2020-10-03,79
2020-10-04,91
2020-10-05,91
2020-10-06,113
2020-10-07,145
2020-10-08,131
2020-10-09,151
2020-10-10,165
2020-10-11,141
2020-10-12,179
2020-10-13,224
2020-10-14,266
2020-10-15,292
2020-10-16,252
2020-10-17,365
2020-10-18,271
2020-10-19,274
2020-10-20,428
2020-10-21,437
2020-10-22,520
2020-10-23,617
2020-10-24,610
2020-10-25,529
2020-10-26,545
2020-10-27,707
2020-10-28,759
2020-10-29,688
2020-10-30,748
2020-10-31,707
2020-11-01,578
2020-11-02,612
2020-11-03,899
2020-11-04,675
2020-11-05,577
2020-11-06,606
2020-11-07,516
2020-11-08,415
2020-11-09,443
2020-11-10,618
2020-11-11,565
2020-11-12,414
2020-11-13,526
2020-11-14,461
2020-11-15,305
2020-11-16,285
2020-11-17,380
2020-11-18,358
2020-11-19,363
2020-11-20,323
2020-11-21,261
2020-11-22,215
2020-11-23,211
2020-11-24,305
2020-11-25,285
2020-11-26,257
2020-11-27,234
2020-11-28,225
2020-11-29,149
2020-11-30,123
2020-12-01,208
2020-12-02,238
2020-12-03,196
2020-12-04,221
2020-12-05,226
2020-12-06,151
2020-12-07,147
2020-12-08,215
2020-12-09,185
2020-12-10,207
2020-12-11,184
2020-12-12,185
2020-12-13,187
2020-12-14,125
2020-12-15,225
2020-12-16,201
2020-12-17,208
2020-12-18,201
2020-12-19,198
2020-12-20,133
2020-12-21,139
2020-12-22,219
2020-12-23,190
2020-12-24,211
2020-12-25,151
2020-12-26,95
2020-12-27,158
2020-12-28,150
2020-12-29,208
2020-12-30,159
2020-12-31,145
2021-01-01,150
2021-01-02,110
2021-01-03,137
2021-01-04,110
2021-01-05,149
2021-01-06,145
2021-01-07,156
2021-01-08,141
2021-01-09,137
2021-01-10,85
2021-01-11,94
2021-01-12,139
2021-01-13,142
2021-01-14,133
2021-01-15,142
2021-01-16,111
2021-01-17,79
2021-01-18,105
2021-01-19,187
2021-01-20,144
2021-01-21,148
2021-01-22,158
2021-01-23,143
2021-01-24,106
2021-01-25,92
2021-01-26,153
2021-01-27,121
2021-01-28,138
2021-01-29,119
2021-01-30,137
2021-01-31,77
2021-02-01,128
2021-02-02,142
2021-02-03,142
2021-02-04,141
2021-02-05,144
2021-02-06,123
2021-02-07,108
2021-02-08,72
2021-02-09,163
2021-02-10,132
2021-02-11,137
2021-02-12,132
2021-02-13,107
2021-02-14,91
2021-02-15,84
2021-02-16,145
2021-02-17,141
2021-02-18,142
2021-02-19,125
2021-02-20,112
2021-02-21,88
2021-02-22,115
2021-02-23,155
2021-02-24,150
2021-02-25,142
2021-02-26,204
2021-02-27,156
2021-02-28,127
2021-03-01,107
2021-03-02,176
2021-03-03,152
2021-03-04,171
2021-03-05,152
2021-03-06,141
2021-03-07,122
2021-03-08,113
2021-03-09,202
2021-03-10,154
2021-03-11,139
2021-03-12,170
2021-03-13,195
2021-03-14,159
2021-03-15,150
2021-03-16,208
2021-03-17,207
2021-03-18,208
2021-03-19,182
2021-03-20,243
2021-03-21,185
2021-03-22,201
2021-03-23,282
2021-03-24,251
2021-03-25,242
2021-03-26,208
2021-03-27,296
2021-03-28,213
2021-03-29,199
2021-03-30,319
2021-03-31,309
2021-04-01,290
2021-04-02,296
2021-04-03,259
2021-04-04,171
2021-04-05,230
2021-04-06,235
2021-04-07,333
2021-04-08,250
2021-04-09,275
2021-04-10,255
2021-04-11,202
2021-04-12,225
2021-04-13,267
2021-04-14,217
2021-04-15,239
2021-04-16,249
2021-04-17,245
2021-04-18,201
2021-04-19,210
2021-04-20,303
2021-04-21,244
2021-04-22,231
2021-04-23,222
2021-04-24,228
2021-04-25,162
2021-04-26,156
2021-04-27,231
2021-04-28,210
2021-04-29,206
2021-04-30,191
2021-05-01,195
2021-05-02,161
2021-05-03,153
2021-05-04,191
2021-05-05,164
2021-05-06,145
2021-05-07,163
2021-05-08,164
2021-05-09,159
2021-05-10,134
2021-05-11,166
2021-05-12,148
2021-05-13,144
2021-05-14,102
2021-05-15,168
2021-05-16,105
2021-05-17,99
2021-05-18,131
2021-05-19,141
2021-05-20,121
2021-05-21,127
2021-05-22,123
2021-05-23,88
2021-05-24,76
2021-05-25,90
2021-05-26,110
2021-05-27,91
2021-05-28,83
2021-05-29,92
2021-05-30,69
2021-05-31,56
2021-06-01,92
2021-06-02,81
2021-06-03,75
2021-06-04,74
2021-06-05,76
2021-06-06,46
2021-06-07,42
2021-06-08,73
2021-06-09,65
2021-06-10,48
2021-06-11,47
2021-06-12,45
2021-06-13,25
2021-06-14,40
2021-06-15,45
2021-06-16,27
2021-06-17,33
2021-06-18,29
2021-06-19,33
2021-06-20,28
2021-06-21,27
2021-06-22,24
2021-06-23,29
2021-06-24,30
2021-06-25,15
2021-06-26,24
2021-06-27,12
2021-06-28,15
2021-06-29,18
2021-06-30,14
2021-07-01,7
2021-07-02,22
2021-07-03,17
2021-07-04,16
2021-07-05,11
2021-07-06,24
2021-07-07,28
2021-07-08,7
2021-07-09,20
2021-07-10,16
2021-07-11,12
2021-07-12,15
2021-07-13,28
2021-07-14,22
2021-07-15,29
2021-07-16,27
2021-07-17,28
2021-07-18,20
2021-07-19,27
2021-07-20,30
2021-07-21,28
2021-07-22,28
2021-07-23,27
2021-07-24,34
2021-07-25,27
2021-07-26,25
2021-07-27,39
2021-07-28,43
2021-07-29,37
2021-07-30,27
2021-07-31,42
2021-08-01,38
2021-08-02,41
2021-08-03,44
2021-08-04,40
2021-08-05,38
2021-08-06,43
2021-08-07,52
2021-08-08,45
2021-08-09,51
2021-08-10,64
2021-08-11,45
2021-08-12,58
2021-08-13,66
2021-08-14,53
2021-08-15,47
2021-08-16,49
2021-08-17,84
2021-08-18,66
2021-08-19,60
2021-08-20,49
2021-08-21,60
2021-08-22,47
2021-08-23,59
2021-08-24,74
2021-08-25,57
2021-08-26,57
2021-08-27,58
2021-08-28,69
2021-08-29,47
2021-08-30,58
2021-08-31,83
2021-09-01,66
2021-09-02,74
2021-09-03,66
2021-09-04,80
2021-09-05,56
2021-09-06,66
2021-09-07,82
2021-09-08,64
2021-09-09,64
2021-09-10,61
2021-09-11,47
2021-09-12,42
2021-09-13,58
2021-09-14,77
2021-09-15,62
2021-09-16,77
2021-09-17,56
2021-09-18,57
2021-09-19,43
2021-09-20,46
2021-09-21,60
2021-09-22,61
2021-09-23,65
2021-09-24,32
2021-09-25,52
2021-09-26,39
2021-09-27,55
2021-09-28,72
2021-09-29,66
2021-09-30,64
2021-10-01,62
2021-10-02,63
2021-10-03,44
2021-10-04,42
2021-10-05,75
2021-10-06,62
2021-10-07,54
2021-10-08,64
2021-10-09,53
2021-10-10,41
2021-10-11,50
2021-10-12,70
2021-10-13,70
2021-10-14,78
2021-10-15,61
2021-10-16,97
2021-10-17,59
2021-10-18,82
2021-10-19,107
2021-10-20,130
2021-10-21,121
2021-10-22,126
2021-10-23,114
2021-10-24,94
2021-10-25,122
2021-10-26,158
2021-10-27,158
2021-10-28,150
2021-10-29,185
2021-10-30,187
2021-10-31,112
2021-11-01,125
2021-11-02,168
2021-11-03,237
2021-11-04,201
2021-11-05,179
2021-11-06,178
2021-11-07,154
2021-11-08,175
2021-11-09,260
2021-11-10,291
2021-11-11,227
2021-11-12,177
2021-11-13,283
2021-11-14,209
2021-11-15,209
2021-11-16,288
2021-11-17,318
2021-11-18,295
2021-11-19,312
2021-11-20,293
2021-11-21,251
2021-11-22,243
2021-11-23,369
2021-11-24,344
2021-11-25,354
2021-11-26,323
2021-11-27,322
2021-11-28,245
2021-11-29,277
2021-11-30,386
2021-12-01,350
2021-12-02,325
2021-12-03,298
2021-12-04,312
2021-12-05,226
2021-12-06,208
2021-12-07,332
2021-12-08,298
2021-12-09,309
2021-12-10,292
2021-12-11,265
2021-12-12,207
2021-12-13,186
2021-12-14,288
2021-12-15,231
2021-12-16,186
2021-12-17,179
2021-12-18,175
2021-12-19,130
2021-12-20,141
2021-12-21,171
2021-12-22,170
2021-12-23,146
2021-12-24,125
2021-12-25,134
2021-12-26,109
2021-12-27,95
2021-12-28,169
2021-12-29,146
2021-12-30,164
2021-12-31,159
2022-01-01,154
2022-01-02,150
2022-01-03,151
2022-01-04,217
2022-01-05,191
2022-01-06,180
2022-01-07,189
2022-01-08,201
2022-01-09,156
2022-01-10,140
2022-01-11,199
2022-01-12,209
2022-01-13,189
2022-01-14,234
2022-01-15,266
2022-01-16,163
2022-01-17,176
2022-01-18,296
2022-01-19,310
2022-01-20,346
2022-01-21,344
2022-01-22,318
2022-01-23,278
2022-01-24,309
2022-01-25,415
2022-01-26,347
2022-01-27,412
2022-01-28,417
2022-01-29,360
2022-01-30,265
2022-01-31,335
2022-02-01,424
2022-02-02,363
2022-02-03,391
2022-02-04,338
2022-02-05,306
2022-02-06,286
2022-02-07,294
2022-02-08,301
2022-02-09,295
2022-02-10,263
2022-02-11,321
2022-02-12,282
2022-02-13,202
2022-02-14,160
2022-02-15,303
2022-02-16,242
2022-02-17,213
2022-02-18,200
2022-02-19,202
2022-02-20,148
2022-02-21,160
2022-02-22,194
2022-02-23,186
2022-02-24,166
2022-02-25,148
2022-02-26,114
2022-02-27,83
2022-02-28,112
2022-03-01,160
2022-03-02,168
2022-03-03,144
2022-03-04,151
2022-03-05,129
2022-03-06,121
2022-03-07,116
2022-03-08,174
2022-03-09,162
2022-03-10,150
2022-03-11,160
2022-03-12,160
2022-03-13,102
2022-03-14,162
2022-03-15,200
2022-03-16,190
2022-03-17,169
2022-03-18,204
2022-03-19,158
2022-03-20,143
2022-03-21,145
2022-03-22,231
2022-03-23,234
2022-03-24,209
2022-03-25,224
2022-03-26,202
2022-03-27,173
2022-03-28,180
2022-03-29,261
2022-03-30,236
2022-03-31,268
2022-04-01,232
2022-04-02,199
2022-04-03,159
2022-04-04,157
2022-04-05,304
2022-04-06,217
2022-04-07,244
2022-04-08,232
2022-04-09,208
2022-04-10,150
2022-04-11,200
2022-04-12,274
2022-04-13,260
2022-04-14,242
2022-04-15,203
2022-04-16,202
2022-04-17,147
2022-04-18,145
2022-04-19,197
2022-04-20,222
2022-04-21,200
2022-04-22,197
2022-04-23,179
2022-04-24,113
2022-04-25,125
2022-04-26,194
2022-04-27,166
2022-04-28,151
2022-04-29,137
2022-04-30,138
2022-05-01,77
2022-05-02,110
2022-05-03,186
2022-05-04,125
2022-05-05,172
2022-05-06,120
2022-05-07,106
2022-05-08,80
2022-05-09,89
2022-05-10,172
2022-05-11,118
2022-05-12,101
2022-05-13,86
2022-05-14,86
2022-05-15,83
2022-05-16,74
2022-05-17,119
2022-05-18,92
2022-05-19,81
2022-05-20,92
2022-05-21,60
2022-05-22,52
2022-05-23,64
2022-05-24,93
2022-05-25,78
2022-05-26,69
2022-05-27,52
2022-05-28,58
2022-05-29,34
2022-05-30,38
2022-05-31,66
2022-06-01,62
2022-06-02,55
2022-06-03,56
2022-06-04,51
2022-06-05,37
2022-06-06,47
2022-06-07,61
2022-06-08,71
2022-06-09,69
2022-06-10,64
2022-06-11,61
2022-06-12,46
2022-06-13,57
2022-06-14,81
2022-06-15,78
2022-06-16,80
2022-06-17,62
2022-06-18,84
2022-06-19,74
2022-06-20,81
2022-06-21,131
2022-06-22,98
2022-06-23,95
2022-06-24,108
2022-06-25,112
2022-06-26,79
2022-06-27,95
2022-06-28,118
2022-06-29,130
2022-06-30,124
2022-07-01,135
2022-07-02,140
2022-07-03,103
2022-07-04,102
2022-07-05,174
2022-07-06,159
2022-07-07,168
2022-07-08,157
2022-07-09,128
2022-07-10,125
2022-07-11,140
2022-07-12,215
2022-07-13,160
2022-07-14,182
2022-07-15,156
2022-07-16,179
2022-07-17,142
2022-07-18,117
2022-07-19,185
2022-07-20,184
2022-07-21,167
2022-07-22,149
2022-07-23,166
2022-07-24,136
2022-07-25,151
2022-07-26,191
2022-07-27,130
2022-07-28,136
2022-07-29,106
2022-07-30,124
2022-07-31,103
2022-08-01,122
2022-08-02,154
2022-08-03,114
2022-08-04,116
2022-08-05,119
2022-08-06,92
2022-08-07,86
2022-08-08,72
2022-08-09,126
2022-08-10,107
2022-08-11,95
2022-08-12,102
2022-08-13,87
2022-08-14,74
2022-08-15,77
2022-08-16,75
2022-08-17,120
2022-08-18,83
2022-08-19,86
2022-08-20,79
2022-08-21,42
2022-08-22,72
2022-08-23,80
2022-08-24,68
2022-08-25,75
2022-08-26,73
2022-08-27,48
2022-08-28,47
2022-08-29,59
2022-08-30,61
2022-08-31,64
2022-09-01,62
2022-09-02,59
2022-09-03,58
2022-09-04,51
2022-09-05,54
2022-09-06,70
2022-09-07,70
2022-09-08,55
2022-09-09,58
2022-09-10,46
2022-09-11,41
2022-09-12,61
2022-09-13,57
2022-09-14,73
2022-09-15,55
2022-09-16,63
2022-09-17,45
2022-09-18,28
2022-09-19,43
2022-09-20,77
2022-09-21,70
2022-09-22,86
2022-09-23,66
2022-09-24,99
2022-09-25,46
2022-09-26,70
2022-09-27,102
2022-09-28,101
2022-09-29,102
2022-09-30,116
2022-10-01,99
2022-10-02,61
2022-10-03,80
2022-10-04,140
2022-10-05,115
2022-10-06,119
2022-10-07,130
2022-10-08,120
2022-10-09,68
2022-10-10,90
2022-10-11,128
2022-10-12,121
2022-10-13,122
2022-10-14,124
2022-10-15,103
2022-10-16,54
2022-10-17,106
2022-10-18,161
2022-10-19,114
2022-10-20,116
2022-10-21,110
2022-10-22,85
2022-10-23,55
2022-10-24,78
2022-10-25,100
2022-10-26,80
2022-10-27,74
2022-10-28,76
2022-10-29,61
2022-10-30,43
2022-10-31,40
2022-11-01,53
2022-11-02,56
2022-11-03,58
2022-11-04,50
2022-11-05,52
2022-11-06,35
2022-11-07,41
2022-11-08,61
2022-11-09,81
2022-11-10,68
2022-11-11,47
2022-11-12,40
2022-11-13,25
2022-11-14,51
2022-11-15,38
2022-11-16,46
2022-11-17,52
2022-11-18,68
2022-11-19,41
2022-11-20,34
2022-11-21,36
2022-11-22,71
2022-11-23,58
2022-11-24,74
2022-11-25,76
2022-11-26,63
2022-11-27,38
2022-11-28,61
2022-11-29,99
2022-11-30,78
2022-12-01,84
2022-12-02,70
2022-12-03,78
2022-12-04,63
2022-12-05,70
2022-12-06,112
2022-12-07,83
2022-12-08,109
2022-12-09,103
2022-12-10,116
2022-12-11,73
2022-12-12,98
2022-12-13,130
2022-12-14,139
2022-12-15,142
2022-12-16,158
2022-12-17,133
2022-12-18,90
2022-12-19,93
2022-12-20,153
2022-12-21,176
2022-12-22,134
2022-12-23,163
2022-12-24,100
2022-12-25,113
2022-12-26,94
2022-12-27,131
2022-12-28,158
2022-12-29,140
2022-12-30,114
2022-12-31,108
2023-01-01,56
2023-01-02,74
2023-01-03,93
2023-01-04,92
2023-01-05,78
2023-01-06,60
2023-01-07,77
2023-01-08,43
2023-01-09,54
2023-01-10,76
2023-01-11,71
2023-01-12,47
2023-01-13,53
2023-01-14,56
2023-01-15,36
2023-01-16,50
2023-01-17,72
2023-01-18,52
2023-01-19,34
2023-01-20,52
2023-01-21,40
2023-01-22,26
2023-01-23,41
2023-01-24,60
2023-01-25,52
2023-01-26,44
2023-01-27,58
2023-01-28,64
2023-01-29,37
2023-01-30,60
2023-01-31,69
2023-02-01,67
2023-02-02,73
2023-02-03,57
2023-02-04,66
2023-02-05,50
2023-02-06,57
2023-02-07,86
2023-02-08,85
2023-02-09,72
2023-02-10,103
2023-02-11,85
2023-02-12,72
2023-02-13,84
2023-02-14,105
2023-02-15,100
2023-02-16,107
2023-02-17,107
2023-02-18,134
2023-02-19,84
2023-02-20,90
2023-02-21,151
2023-02-22,133
2023-02-23,138
2023-02-24,124
2023-02-25,150
2023-02-26,84
2023-02-27,91
2023-02-28,153
2023-03-01,174
2023-03-02,135
2023-03-03,133
2023-03-04,147
2023-03-05,105
2023-03-06,151
2023-03-07,202
2023-03-08,196
2023-03-09,144
2023-03-10,170
2023-03-11,202
2023-03-12,119
2023-03-13,136
2023-03-14,222
2023-03-15,182
2023-03-16,176
2023-03-17,152
2023-03-18,175
2023-03-19,119
2023-03-20,116
2023-03-21,166
2023-03-22,151
2023-03-23,175
2023-03-24,153
2023-03-25,135
2023-03-26,102
2023-03-27,109
2023-03-28,140
2023-03-29,137
2023-03-30,101
2023-03-31,142
2023-04-01,127
2023-04-02,64
2023-04-03,69
2023-04-04,111
2023-04-05,95
2023-04-06,106
2023-04-07,89
2023-04-08,102
2023-04-09,60
2023-04-10,71
2023-04-11,82
2023-04-12,114
2023-04-13,83
2023-04-14,71
2023-04-15,84
2023-04-16,42
2023-04-17,56
2023-04-18,81
2023-04-19,75
2023-04-20,61
2023-04-21,62
2023-04-22,68
2023-04-23,45
2023-04-24,44
2023-04-25,67
2023-04-26,63
2023-04-27,49
2023-04-28,49
2023-04-29,50
2023-04-30,35
2023-05-01,33
2023-05-02,48
2023-05-03,48
2023-05-04,59
2023-05-05,44
2023-05-06,56
2023-05-07,37
2023-05-08,40
2023-05-09,42
2023-05-10,59
2023-05-11,36
2023-05-12,35
2023-05-13,39
2023-05-14,19
2023-05-15,24
2023-05-16,55
2023-05-17,71
2023-05-18,53
2023-05-19,49
2023-05-20,55
2023-05-21,26
2023-05-22,36
2023-05-23,54
2023-05-24,41
2023-05-25,42
2023-05-26,33
2023-05-27,30
2023-05-28,30
2023-05-29,22
2023-05-30,23
2023-05-31,34
2023-06-01,45
2023-06-02,31
2023-06-03,39
2023-06-04,22
2023-06-05,30
2023-06-06,30
2023-06-07,35
2023-06-08,27
2023-06-09,24
2023-06-10,33
2023-06-11,20
2023-06-12,27
2023-06-13,19
2023-06-14,21
2023-06-15,17
2023-06-16,13
2023-06-17,21
2023-06-18,9
2023-06-19,18
2023-06-20,13
2023-06-21,16
2023-06-22,12
2023-06-23,16
2023-06-24,9
2023-06-25,4
2023-06-26,11
2023-06-27,8
